,A,B,C,Target
0,-0.09370050006939819,0.10029653661122197,1.1985541595715479,51.495092312003976
1,-0.14678742860508584,0.07373330927707818,-0.9441308016040697,-44.59632157614821
2,-0.015132210341006523,1.6898770757634807,-2.475538377463579,-79.15103795580497
3,0.3136855605669929,-0.08171423871657234,1.1275292665211771,36.34473893902701
4,0.4224301477316729,1.0763442599964765,0.445755012132434,59.10352508771251
5,0.7102954506101322,1.1320589492911513,-0.6988251039095029,35.65954115778269
6,-0.06873062726334228,2.1718232642106035,0.4783991625555852,49.18986518399514
7,-1.1702017737012695,-0.47849950538926384,0.6841588631306108,-38.68923871020986
8,-0.024639398258080637,0.22519431088789457,0.022959543094782615,19.452713802123363
9,-1.3192477402826948,-1.3477428265847002,0.26937227655977064,-79.895511399942
10,-1.457791531654857,0.05798572477688294,0.9175498321144492,-69.4446467668109
11,-1.5384955839828591,0.14707443112320456,1.0435718808856567,-54.93211459140605
12,1.1698940909474165,0.8239601140551672,1.728930298934842,128.50379329753343
13,-0.6647524500535906,0.42459271431474305,-0.3552188298602602,-50.24036706257796
14,-0.37383826457985386,0.9858417644718598,0.11250906055182146,3.367234738973865
15,0.8451411808257489,0.21851505970040133,0.32080200029688777,57.219840406480905
16,0.29484657596457775,-1.4691353210114741,-1.3388600514388371,-41.07498210083054
17,-1.5273458054406486,-0.038068706153888396,-1.3018250165265468,-139.43491863539145
18,-1.2198812663120082,-0.4052176298275473,-0.2801701915715103,-91.5499184027113
19,-0.5253084180814449,1.5339200451217634,0.7419609593448067,11.808435824847184
20,-0.5813098652260947,0.7922917340918189,1.856547648028138,35.079359266480196
21,-0.4619557353139191,1.1982587201071726,3.021939772962094,79.10959138784946
22,0.10185067712456294,0.25119252224917793,-1.0146877639611618,-23.99760062017529
23,2.092512498597642,-0.09471404841975713,0.5990433961866751,126.57647826951737
24,-0.2713431428143029,1.4293977683966603,-0.2385966816087187,-17.262827711642437
25,0.3505282746630731,0.10780722891691998,0.8535647008351419,59.62225547318467
26,1.426825586330065,-0.1354604357222655,-0.19324577760737507,77.54518001114064
27,0.707311527159695,1.882241919655281,1.0973767107393715,77.41796689883309
28,-0.158879832274247,-1.1164390427749393,-0.895261079955976,-53.56245650585207
29,1.0570753460548779,-1.4296916832535955,0.5905716207378117,90.55368671387309
30,0.29118681695633486,0.036660796839047084,0.38305647876086935,30.42646310581936
31,0.6599593797404525,-1.1743197979130418,-0.6886934871729292,-1.619290706035029
32,-0.9879222501187547,0.7241599285303965,-0.7229522627305065,-70.25103283356796
33,-1.43351465180097,1.415744445345554,-1.1536874129958916,-106.9130941838032
34,-0.8840208756777471,0.5485476026446184,-0.3609263397275264,-74.73706214906449
35,0.29987452138364873,-1.253269145348414,1.1465341008813703,45.72159846674449
36,0.389711984739118,0.4552768808535306,-1.1141655517640203,-22.512332282430314
37,1.018590661324385,0.338562420876271,-1.6854245574394306,-5.527602459138915
38,-0.32816205113408964,0.6470113283447069,0.3688063360874321,-2.697773387587956
39,-0.4616868268370218,-0.6315870255485883,-1.374556536414421,-89.79442144535878
40,0.31755270624017884,1.178689555395821,0.17828807334578087,33.18753101319826
41,-0.9058795485539487,0.21647712873045782,0.5541157159205683,-41.13141232126043
42,-0.33140321915762055,-1.2603897939334412,2.3000673840534085,45.2918497773252
43,1.1074774659763849,-0.7084234475589967,-0.3464325217889005,58.63767915241625
44,1.1078083501717706,-2.1472443494193234,0.2769309662467096,51.28691855197583
45,1.6681473368829174,1.5689907264702407,-1.387427467380079,44.48407525743302
46,0.09512694290345491,-2.8336078940848615,0.2095740556282224,-4.513101726001558
47,0.6860050001435579,-1.5549411418811934,0.7548145805543145,37.639126855109126
48,-1.447957368913447,0.40630561311311747,-1.1164432802652864,-125.58009599390593
49,1.9430924283702784,-0.57980746167325,-0.876071174819852,83.32540963383111
50,-0.9673237569798244,-0.5888678164832218,1.3241686800552772,-32.23400452519742
51,-0.393225551749211,-0.8874133011406251,0.4292855192265025,-9.979377542356247
52,0.2995144445860438,-1.0034627798410158,0.024036312749392063,5.004879359997199
53,-0.9080292492956555,-0.6820570437459125,-0.5705760800507728,-77.27360085335555
54,-0.511999269900197,-0.6596806963881324,-0.9272213279506387,-92.6668404706093
55,-1.698051394792915,0.06573473927783147,-0.16030109015002714,-102.36118692365314
56,-0.0759169077608485,0.9096510020271199,0.599316658433144,27.734073393795384
57,-0.19145778467845748,1.375423184027145,1.4427267549898435,40.24364461460401
58,0.7313575449674021,-1.6658684538616737,0.4103387734901784,74.56246110554258
59,-1.5786151897711969,3.2441963557504407,1.1854967086028347,-23.079810993035963
60,1.0363087921275012,-0.16229050993941466,-1.6431733937814323,3.2085431903010226
61,-0.1298343056145286,0.32333529005081263,-0.38465302471399776,-18.72475328620484
62,0.006912652959683093,1.8600292601395017,0.131438440603213,19.955160835963216
63,-1.668307241350902,0.3779414253648334,-0.31330042610154496,-118.25435675355625
64,-1.032226410547092,-1.1422937520768572,-0.8838081530192728,-113.23430956056654
65,0.38366290106750467,-0.4140396054266251,-0.5925055086657411,11.328852403452506
66,-1.178119696324268,-0.04186862940111325,-0.4174695550033222,-82.70579852705588
67,1.9396254514822562,-1.6168962892426142,1.8156399777532555,176.19032069764242
68,0.4036099545869832,1.4817702274387468,1.0032260353204008,72.72045434764736
69,-1.8950086191637971,0.3128098883774005,-0.7489972554864708,-147.78864239937235
70,-0.06702321711777585,0.17062948303990735,0.6505209085558153,5.4203054223921665
71,-1.6735534888565962,1.108822990096059,1.6289271558307192,-60.68065353327375
72,-0.18067073355684993,0.6061287724769534,-0.11585949688626776,7.03019686116874
73,-1.0616438374275956,-0.09802406412595067,0.7958362598835942,-31.60638741452179
74,0.3181575442130799,0.828000979328712,0.1439419996114909,13.873450073710746
75,0.05895047170928596,-0.4068972888756109,-0.7924990228344085,-19.01577772677723
76,1.5835578971894475,0.9339730501398211,0.7887020425685684,127.95310920172751
77,0.7424103189085596,0.9418864659147993,-0.3945506739392603,33.478918871207355
78,-0.043466087337894956,-0.28102674888035273,-0.7291166091991635,-50.05121584066424
79,-0.3227324735603391,0.5509198935727929,0.8531743599952075,26.276116662785938
80,-0.3358463423642436,-0.9052596326402643,-0.37779285425066916,-41.11688734532695
81,-1.2978777536243389,0.6044958308964958,0.2585026603738854,-82.46983078623893
82,-0.35401077887173976,2.300134659734592,-1.6187955102510108,-75.39574706960353
83,0.283765168905132,1.7406054786608558,0.6337634602269294,62.10724525993696
84,0.42709414454663575,2.0365624424933437,1.0236862004066891,78.36962839928624
85,0.6919804954676447,0.5260016919741647,1.769819399135759,105.22969251283146
86,0.3850540447615411,-1.556166572787874,0.015942599978555256,15.643873514228263
87,-0.5816445267150125,1.265808003060404,0.42818369724533084,-10.354342866955708
88,-0.03691447958529218,-0.5419402731193977,-0.04137715580644663,-2.5885710477771617
89,-0.707358763569863,1.5826033024873518,0.19036220753976177,-6.834886267579375
90,-1.1165619893386756,1.499134901542554,0.27648929284018575,-38.691147263004765
91,1.1580140826250152,0.5971812171164188,1.0036698817771958,101.86621365456736
92,0.41248843397577184,0.5400123561161858,-0.28252044697232753,32.283469631535944
93,-0.9913099530212882,2.1424535956733135,0.198106361893476,-38.22847837455862
94,-0.9742789639274675,1.4987878404650834,-2.3726638724853175,-119.06491235721668
95,0.31925081425709395,-0.04882331301070655,0.6467929202769899,45.41291373668701
96,-0.5151084459805584,0.5528872089914943,0.40325640958034026,-24.406945536838933
97,-0.6448423688184691,0.8048334244892598,0.11597115433136551,-23.90190355467216
98,0.2770360607081117,0.7307088726132179,0.07103993610183472,25.411256843957155
99,1.1701267558717663,0.638002822704558,0.31047222382488504,98.8129009324983
100,0.08757016156303392,-0.6728701418504822,-0.5208649748946493,-12.534872267293242
101,0.793670454970141,-0.4305636665776726,-1.079188675851685,3.6373677193526093
102,-0.5511335742272714,-1.6001508553684167,-2.135471988482294,-117.97096893576344
103,2.1488788640612793,-0.07424002144611855,1.4945729277870836,176.74657802773226
104,-1.2562781851222282,-2.1440287636159874,0.3128578721140613,-77.71478161083358
105,1.3938804738063115,-0.334721776511465,1.4632514372741465,123.03836727242776
106,-0.33358839033351484,-0.45097269170716175,0.04448365004700207,-29.54573347085574
107,-0.04486787985820176,-3.198922519364337,-0.6724625339663263,-64.14167086844006
108,-1.0612341756125903,0.47796605957477556,-1.439346064589114,-97.24921953321868
109,0.17874038482926483,-0.6977126709692584,-0.07750233910851712,-10.8698554334871
110,1.8066480730238454,-0.0884695904225173,-0.06477952090209062,112.33801764007424
111,-0.1368360637189111,-0.9254785879358123,0.14606108888856725,-2.7288997254555287
112,-1.0092573933809386,-0.7292350724820637,0.8391685425655687,-44.98427412744501
113,0.5593503645543633,-0.6122535347196445,0.02079708327519802,28.67199708869437
114,0.33702869047501427,1.1253037953893827,-1.175176511020173,-23.10661324748162
115,0.5490822264561042,-0.7249498782625295,-0.32366514328246127,14.646845014901507
116,-0.45233697836669534,-0.6931294431183421,-1.5775307709358344,-77.15763982055573
117,0.5270933860051689,0.022332555688314788,-0.2865843944912923,16.96983128266107
118,-0.1275659237696887,0.09686938115824566,-0.6741658097756861,-33.255954594127815
119,2.576737151972484,0.16391957650504663,0.29137256896294966,163.45293325846998
120,1.9473533033495345,-1.372887459460326,0.25891089029268094,106.24516674032128
121,-0.6007793679621374,-0.4220655560692373,-0.4236196411101775,-61.161902776738756
122,-0.7334671961658905,0.31351804525212007,0.11085936751734943,-35.5787093675399
123,0.2144281694001464,0.422042973155022,0.6110441000511359,30.416942137903842
124,1.3993667479682543,-0.5184855700887178,0.7557778924656517,112.68602978980087
125,0.49082134473209504,-0.04814552914430336,-0.658605356480278,-8.690726671452081
126,-0.4167875664545533,1.385171243754785,-0.6508520951451942,-51.43066723427616
127,0.29345236544997244,-0.30618469008066695,-0.10316399095614419,6.257266526359751
128,-0.18671155674757423,0.9409790870865636,1.5312666221835587,59.118163903024325
129,-0.45726344243994144,0.7028206144325649,-1.0273948556462003,-65.739584535643
130,-1.4016136396020757,-0.10728926448661512,-0.434975265312689,-98.08191844237123
131,-0.6393513319916581,1.2219492863605577,1.597822425312437,32.45012461792744
132,3.2491880323332167,-0.30316689129152796,0.16706080353517838,208.00279024698375
133,-1.1232554302492874,0.8658180276298473,0.6841830602587903,-31.556350744216136
134,0.7260319638402309,-0.492650629222884,-0.23794300684344646,45.13335559163001
135,1.9149939870170973,0.6044739472712121,1.4121417490863553,163.34497387500662
136,-0.6312551801604477,0.8087991560529244,-0.4216330580070112,-54.35710104730592
137,-0.34283373215827057,-0.023552846714660135,-1.8615766368778222,-82.93036310192116
138,0.06667808590369417,0.4537521074955009,-0.5170372521645278,1.5029900826652494
139,-1.5300025400575072,-1.026542638308593,-2.0349575961840447,-200.12792407700405
140,1.0844208719221358,-1.2442373110958351,0.4272979954988059,70.89776314061922
141,1.4377461115275167,-0.900433073122059,0.1815423298704206,80.2076885160753
142,0.35165638051389136,-0.79748040062336,-0.2937952905350288,10.467259241400654
143,0.4199061617744299,-0.7521414746924554,-0.851406425520539,-19.305270180907407
144,-1.4882673367021861,1.5734163518109863,1.1257598442366594,-36.936270803505465
145,-1.7125238510551553,0.998103149116599,0.3781401740130216,-60.36939760027505
146,0.9468216150499628,0.7825913214784488,-1.4309940146573235,16.00152576016533
147,1.2007076052187042,-2.165711916315203,1.060050440384457,84.72499170983863
148,-0.6084224344026078,0.8907327633373079,0.2502314340852735,-21.542094195265864
149,0.9460153083896036,0.600816682703607,0.9353407720578549,83.11701564859058
150,-1.2620263819308097,-0.5613038671995879,-1.3037245055816797,-134.10542927431567
151,-0.7881679888748103,0.5821994905469614,-2.597213462313034,-126.41209074707544
152,-0.73697408552826,0.7345923915854724,-0.922610451744244,-67.07028293591998
153,1.1520302314699318,-1.13658103908136,-0.4858624859541241,23.237675762698807
154,-1.7806960333072726,-0.2500207733347406,-0.11716182126203989,-112.3796644267814
155,-0.8133434238324191,0.4053424373857594,-0.00930304919120678,-48.41244673744293
156,-0.6989472161793194,-0.6286574816981182,0.3500961795148956,-29.384316123376255
157,-1.1644576027760432,-1.702215664089391,0.3791456496012421,-67.0598128295037
158,-0.630296029338517,-0.7745012533715631,0.23694163112423025,-39.89159152351393
159,0.22338975463941194,-0.14403864033393532,-0.8751303951095533,-19.868359974599176
160,0.4895171692739117,2.0175582333445683,1.0460015991762164,94.76837584765137
161,-0.5231656443797933,1.0838093523119183,0.7723378213848313,15.86260239775306
162,1.622880867382615,1.017456320287077,-1.3505175740536906,45.82098075052625
163,-1.5269375295162777,0.9229076340361088,1.6667414594164531,-39.53501804578538
164,-0.5756489806625805,-1.0563307469155796,1.4737935667417,14.967486527408562
165,-0.5244762650517546,-0.8706605541759517,-0.8208501934353929,-64.58861334892245
166,0.1013842493581814,-1.9740838240084921,0.15642578518583414,1.0259273135575535
167,-1.0930942228156748,-0.6105305634947545,0.4168589335534409,-51.199953212514046
168,0.5545616809742933,0.7967389383771936,-0.6952650838219919,23.04177391717477
169,0.08550547712677492,-0.15967318530942878,-0.0805888624736288,0.3978804843906507
170,0.8040037203333429,0.1942871702415103,0.4920548143991153,67.1326429291081
171,0.5012993383951027,0.47709316340026736,0.009620230173634546,41.907403963105644
172,1.3617403004104283,-0.2601130245493751,-0.9792660464151515,44.84724242847369
173,-1.1387358115877528,2.081913724831597,0.8799462305244006,-7.00847847938018
174,1.6547055863271525,0.4889021076785385,-0.20657331619746694,87.30597902634699
175,0.7813807326337295,-0.27143086761349344,2.061754073055446,119.20686848739723
176,-0.5124580219845866,-0.21523333882696433,-0.3519045617902203,-40.10963908268665
177,-2.3077125580663096,0.06420572305988533,1.112296908420647,-90.65063928500834
178,0.5518298224321944,0.3827861875398547,-0.2104789444624684,34.113825519686856
179,0.7216781199886055,1.5636220441266895,-0.0020826851074100135,54.77065675018205
180,1.0456509603355058,0.46563659307733957,-1.4889371852685693,15.162006806546207
181,0.9167565922607563,-0.8097168415305035,0.48996736400219076,61.889372256664245
182,0.9402864384097577,-0.6021700422157239,0.214486164494241,48.20986524389504
183,-0.7439417313120341,0.7209559586237575,-0.4883742162713702,-56.66931928518792
184,-0.9637035368592526,-1.0143826280694186,-1.5070333285412125,-121.11875786195553
185,-0.8211647394880652,-0.9419460863193537,1.5001443723602879,-5.234101965296338
186,0.24062761844517264,-0.15806420824306494,1.161313594052759,49.75681868099406
187,0.2706051280863165,-0.43165689927003126,0.9660731735233212,20.726042995655266
188,0.1978257653220772,0.49811215667773856,0.36845186592533846,31.788632896175407
189,-1.2560550635521657,0.5768107037760167,0.9935182121272045,-45.31250058059912
190,1.361336544023185,0.044582570740331555,1.1569227099450607,132.90878106238182
191,-0.6812668750760957,-0.5422188811072649,-0.5571343554194853,-71.4629269494081
192,0.2566141122498007,-0.8683077410272491,1.1030087168253824,49.53678684756084
193,-0.8588800106049987,0.6171333177232605,0.41899285065879116,-45.883337139221645
194,0.8365603548005879,0.34509532306358864,-0.2727453578248524,49.764725114617285
195,-0.2102037483794453,0.8847382413722694,-0.2274084606549702,-7.077240154951739
196,0.48427025962321385,1.5688550276227093,-1.1522035130611274,-7.936914185110352
197,-0.7811895762569535,0.04505327904249431,0.21361670679235625,-35.69807782433449
198,0.38253064321543495,0.6969237465668776,1.7990755979410864,91.85354295188068
199,0.31142650108335224,0.529785678712523,-0.7668790878271725,-26.82097135786033
200,-1.311119661305135,0.8761249713791402,0.2480392090804589,-60.24869722281955
201,-0.3658215746521551,-0.878914843317062,-0.40675409391687123,-50.71711725451843
202,-1.8346721980103151,1.0342612568704825,-0.10271176469826734,-96.0697125434484
203,-1.1218509783369826,-0.922415183767711,0.7883935934886795,-66.08849100442
204,0.26283700314734093,3.914258864412828,1.6721074846725898,103.86682331839074
205,0.43634145041365396,0.8835823254201701,-1.9924815981645496,-45.85721184403487
206,-1.3710537454755334,-0.865521204792074,-0.9639703933097534,-137.78719656589072
207,-0.28378823272134235,0.18268951127645455,-1.029795577379858,-41.18086934311371
208,-0.8325218450094851,0.07472394747674901,0.9842994114125524,-22.99983449299262
209,0.5921300283236411,0.40179019643885855,-1.8077139570580358,-23.907748367291276
210,-0.02405420928080806,0.9029134512744489,1.450576348509727,65.99028500295917
211,-1.1598777278272843,-0.43146537622909753,0.3641309371653996,-49.94080626645422
212,-1.4979512279403737,-0.09016312940882233,0.3597048021602485,-88.5880483899954
213,0.6683566003861875,-2.256237212973733,-0.845069838354026,-5.916677943699624
214,0.6357629216063456,-0.8190527975577848,-0.39335666149647824,25.478911323720748
215,0.09114463717434079,1.9520528806527464,-0.9968950690145052,-5.888061243510446
216,1.758775445087111,-0.23043442460396632,0.22997513184089288,122.61386568241005
217,-1.8744502506091278,2.29568738854857,0.5000293146028617,-72.97010711085909
218,-1.173868366505815,0.16352948577695156,0.6653318478112988,-39.14450698803332
219,0.10764146947277412,-1.1289858664225492,0.22483291533156222,-12.35752305566245
220,-0.8481136843537784,0.07239911700688306,-0.7407734606202391,-94.27219939843323
221,0.05999021730787734,-1.3448165490094706,0.3810865781797245,-1.5464397360322284
222,-1.1130686168245987,-0.1782042075715629,-0.7526651641194317,-92.57422546947932
223,1.3899189335192637,-2.3084428923554925,-1.135713312443942,8.683235306783882
224,-0.29108884589880357,-0.47398949385147887,-0.5734545588943711,-54.07636805903129
225,0.25543719638933937,-0.9861745026323738,-1.5237983033122549,-52.35522148478936
226,-1.8117288252938313,-0.16403879310679095,0.698857854247753,-80.31150863546861
227,-0.36655429755381475,0.1492875278672956,0.3752645923311041,-5.920914964442254
228,0.8088635926024558,1.0863063651720855,0.46966531913848764,68.57124308256662
229,0.15322125524897848,0.7593600199784926,-0.7121830374918817,-19.329303795251526
230,-0.8518191516073709,-1.4292309501646128,0.9552419227086139,-22.847919892856986
231,0.38058509352680314,-0.2468896753850097,-0.9421656647666483,-11.956004906498418
232,-0.07811385774949361,-0.6575496859989437,1.1920063623240724,37.49402028293044
233,0.024374668319202958,1.0412195877543449,1.129467155640776,49.101071456872695
234,0.7588466916550354,0.5602953703238899,-0.6227874932209385,34.36266438548598
235,-0.3132425504285896,-1.2007972380030318,0.4612207533716823,-6.8338864873370655
236,-0.7306008293779142,-0.35897194771827673,-1.4655125193901752,-95.73049292282755
237,0.6345498829926388,-2.4980100691144704,-0.09416024821966577,6.92969721464028
238,-0.568025012475037,-1.1563164768175596,-0.5084217350646546,-73.52872291495333
239,-0.14285613830104876,1.8506123440403677,1.3468626858442072,65.22584627907827
240,0.6832696943665083,-1.4670397971196438,-0.028796736134217,25.54440106231679
241,0.6683106803640668,-1.4857205967759757,0.6749899510772587,37.6253736129977
242,-1.4123612987533323,1.2336379651152607,-0.06724790640133245,-81.66668613529671
243,-0.5631147981261401,-2.1101049316810956,0.258965229471699,-45.70173713060366
244,0.4840610166709025,-1.1473653890265387,0.3495916800111765,37.261146087486544
245,0.9286112055214766,0.05844807650003387,0.06276000996267343,71.40344544707628
246,0.861880456326072,-0.17509620442861007,1.6201104362211887,113.4427732467375
247,0.5413641656460538,-0.22861116506865672,0.4635690254167012,53.46637578996172
248,1.0635621971346099,1.3743784609046115,-1.0366245884506349,76.18888058020082
249,0.6080700162482783,-1.4411742001924444,-0.1082727947275063,26.38529230718159
250,-0.06825241398692691,-0.24523877418200296,-1.2935962468633684,-51.89136100368678
251,0.8014991757125922,-0.1695520838976647,-0.1890721826767229,47.68647951928994
252,0.7078479048932798,-1.6910678814440512,-0.886105797007438,-2.444010501501019
253,0.2856272700407808,1.086331851583906,1.2810980112759325,71.82955581881073
254,0.5580936209703127,1.5256945665588264,2.3941571067516403,139.7962314007877
255,0.17217998141236326,-0.5456163995994107,-2.492436977450891,-86.30452253238458
256,2.637541562220057,0.5203772649570599,0.9053701585644967,210.75876020688872
257,-0.5658077774901973,-0.1495148022342308,-1.7890828777907826,-105.33022235848821
258,0.5096357223781859,-1.0117565612423847,-0.7410495801738004,11.06789773172656
259,2.1537906421796986,0.5083907538646807,0.553276069215583,130.17221267906373
260,0.1216558221487429,-0.13595782457759797,-0.8669383809793388,-32.863541348521665
261,0.8346754099685694,-1.852362783528539,1.0864471293492604,93.49578239353808
262,-0.041231667639984794,1.128021289092358,0.7170599288663486,48.08428054527354
263,-1.1471706702747295,-0.832166301051758,0.7529354785423995,-36.25876791016431
264,0.08456973408043895,0.36422369660350606,-0.22963842852134966,0.050463044319120964
265,0.5580286230727084,0.24260421048405148,-0.6576354272726007,18.642923119992815
266,0.48757999093894366,0.9997800653576364,-0.03537245947035914,35.82184382100128
267,-0.958761506100953,-0.10057270946121846,-1.182513639893611,-90.98086115599611
268,-1.3227998426499008,-0.06170807173701514,-0.5202448196295786,-109.72816559700513
269,-0.4913279822066875,0.8419710601689331,0.9104108519438264,23.4223797160592
270,1.6306829757051866,-0.11243201544827645,0.9724837290194824,135.03970549935352
271,-0.006240076568299819,0.6242542083024059,-0.26885128932598645,-9.117816599457164
272,0.915986250157415,-0.8470562338576962,0.11380773708953032,64.86462684592738
273,0.5914384534216787,0.7828668031695183,-0.08717431830535875,40.10808469057811
274,-0.680112684186677,-0.9604094855191562,0.523627388598118,-46.024006089216435
275,-0.28792606987165953,-0.9092555001944214,0.9928707120529949,2.7332016984672993
276,-0.9162182506532578,-0.3103636503046404,0.8465615392351269,-20.33781436977225
277,-1.8386568712488007,0.5518353404013423,-1.5080134167882817,-146.5624777940329
278,-0.10655907908684244,0.9966668386302318,-0.8341448721076425,-31.747974418251868
279,-0.37340572305830283,-0.031155687670079698,-1.2329552323894322,-71.89109234741827
280,0.8738300783090739,0.18670101593115165,-0.5628704614847138,12.54894581035774
281,1.1475743857052256,-0.05832459850769548,0.011590452083599387,61.07241891255483
282,-0.7195127345915785,0.025188931775616045,-1.2809514206128985,-94.3393145712046
283,0.9330594123725066,0.5787152856914557,-2.083643338524959,-17.431535064759967
284,0.5257282048145399,-0.3719830055025082,-0.681148870777892,-6.053437494298741
285,-0.0180763799954419,-2.1304061653157564,-0.12164951535032102,-49.426582077412775
286,2.374592447081865,-0.3394616691275764,1.174405978788422,177.0483760252359
287,0.2899847406951106,-1.7880067489985718,-0.7503671605579473,-31.309922120277562
288,-0.14806596068813108,-0.8064116106289636,-1.9689948544615001,-80.04003916382275
289,0.2572575349864753,-0.1393719884368537,-0.7826832286227413,-26.756786374384077
290,-0.8626263724486565,-0.12204330539725959,-1.5009073781657727,-114.35810038194992
291,-1.1943485260869244,1.7617125056410674,0.8762151102046652,-29.365097754947087
292,-0.5702304271916049,0.23938420235380417,0.15001961337350708,-31.677952638897356
293,0.5744896433601877,-0.3396486607755555,-0.45684173951603796,15.931250734261033
294,1.9764354475409749,-0.272760065545421,0.12072474398022462,128.311986258859
295,0.46654927902963184,-0.8013371574018047,0.5392803369101737,40.74077018173788
296,0.8833804444424721,-0.3179642221694644,-1.1920948361167056,21.16380921279316
297,-1.2095984749822646,1.5425229252434385,-1.5229592142086734,-117.42966329534386
298,-0.89308671638625,-1.5931438728342024,0.22618569503799135,-66.24539372246234
299,2.103075371432994,0.5675415750001402,0.5311996912345806,140.31984909314585
300,0.009334780098413282,1.6175022351943973,-2.5533473911178293,-86.32519290079559
301,0.8352614175565083,-2.166882165205744,-1.6479840881263046,-10.338718121583721
302,-0.5412311139070967,-0.32650245676707823,-0.382009395413646,-48.09757492526987
303,-0.7684879594414966,0.25205337635291786,-0.4616073345925847,-78.64676511028647
304,0.13321057062337818,0.4728429802709754,-0.45808176250771143,-1.0502440825153254
305,0.3861502668560663,-0.9940536140562881,0.3421053166834572,-0.8360422066751347
306,-0.7829681991292159,-1.9436799253252965,-0.0780653405674458,-69.15728599775989
307,0.6216290408100942,0.5102613662449236,0.5258470281605951,68.87500479017748
308,-1.7163632261914636,1.4570099834476729,2.0456663339134415,-15.08991547156193
309,-0.05548283793320351,-0.16999588633327864,-0.4677463302221119,-33.02399115369661
310,0.3047571833883704,-1.4804596512242936,-1.8667130279750428,-58.58642443481798
311,0.5073480364651752,0.7982657211982611,0.11951244401534258,20.732873076030103
312,1.3419742104162726,0.1898425269954122,0.06746919303141656,92.41708792642952
313,1.4750667147724745,-0.7773967578517857,1.1286872897302938,120.35093342015868
314,-0.4590457293571582,0.5479880435101745,1.417417850153287,31.49638432081513
315,0.23448631034125697,0.7153419317691586,1.0902710668856783,54.69151420795391
316,-0.7637001902224251,1.623907462120675,0.9879340226649335,-3.282104715129116
317,-0.6577260894316775,-0.10125148108707815,1.0803172157949879,-8.367953259110896
318,-0.36384598767759274,-0.4412895349460202,0.2081536010471432,-12.427469257147532
319,0.7435897464043438,-0.8112294180400866,-0.29665328823396275,19.790248530286384
320,-1.1680819420403756,0.733986330340695,1.077632028762592,-41.460896950816675
321,1.603101666265205,-0.7535385005353309,-0.35410220063166237,71.67973661113052
322,-0.8411723410013091,0.788420065000185,-0.8112896437799919,-81.31870616189431
323,-0.6400641962898547,0.9122595544159486,1.1143701359706926,-0.8345888241705008
324,-0.7509477459031296,0.9062244747982363,-1.362048759872283,-81.83390586370508
325,1.1095862652946333,-0.10860178203045903,1.323927174620269,92.67246726086591
326,2.2472588110609872,1.821670236163687,-0.43920494363224566,151.56056838828732
327,1.2544472807851237,-0.03454551304898079,-0.9669451602556252,43.534216523544735
328,1.0696524053404748,0.9957277498700047,0.37659449186222094,92.10405198542199
329,-0.8756045329272785,-0.11089435691297836,-0.5736831470408894,-88.40897223689909
330,-2.28114469439142,-1.6305038196811574,1.4005215550939116,-106.07211530400417
331,1.1860648569583432,1.3236642014345852,-1.354588950782527,40.302505375131894
332,1.6131789637612928,0.28849480449143844,0.38737426109658735,105.36024437148002
333,-0.36790977719284845,-0.5174631166717885,0.11505883682101686,-35.94434286006131
334,0.879669298644064,1.2126624144562241,-1.4672502538273888,15.673315865033482
335,-0.008687260141064062,2.439116836027643,-0.22025984956414,5.3541900113029515
336,-0.8056057373431336,0.93273204596226,0.7432942424992124,-28.48492874575451
337,-1.6485723492561428,-1.5586510053202665,-0.6358879050291941,-145.13495587698813
338,-1.606616110938377,0.2336408384505553,-0.4657287749809701,-113.89938676553835
339,-0.18993708075077673,-1.541471595493366,0.20521922901487707,-4.531785310446926
340,-0.28319743304225437,0.2705707582421447,0.09607169522878507,-12.18735227038026
341,0.7744959044774248,-1.0803456009267312,-1.3516225197515184,-7.547930851051293
342,-0.5192519534509991,0.040841976806519846,1.8643068412284012,39.91479458761088
343,-0.28483535499070706,-0.1476593355739746,0.13523272070854397,-6.416985893563701
344,0.1223996487173376,0.35487620481731413,0.28454741610575096,19.455631742020746
345,-0.31065185275185425,-1.1440435304030945,-0.6285580141108069,-53.66299772862462
346,-0.20706116680229586,-1.989093453925739,-0.3616579373749246,-49.76781898050288
347,0.582435064848098,-0.09188722433058905,1.422012080649217,96.68540880719381
348,-1.0760844350169505,0.2794442018392442,-0.5337377562888165,-77.97260772982284
349,-0.83472773254731,0.03851965525007608,0.029543606155798388,-48.98431145017733
350,-0.6736485075792673,2.3448161699876295,-0.3944726350601265,-28.387270315445207
351,0.40780711853480756,-1.2347707154898107,1.0973857485030858,57.23983598657702
352,0.47862436246161466,0.5360144126522253,0.8709118725285865,61.07256864012523
353,0.17519827244566216,1.1868087436133252,-0.2767932280723886,8.862132443179894
354,0.3459561813898243,-0.88335506335974,0.511411942896055,14.736443373213561
355,0.8121741924883773,0.23734695579387277,-0.2418250174158981,38.05241226788877
356,0.533716385137583,-0.7291640061430208,0.5053385065215393,45.43988322861884
357,1.191521969384792,0.408039916200451,0.9909994896238269,106.60279637068832
358,0.1500940570980579,-1.1452583607412237,-0.8520321409830538,-23.403699582341375
359,-0.2164454208190489,-0.7658652388391106,0.3525571298004543,-11.439590117559185
360,0.08289583901185188,0.894533872326592,-0.14015068315150986,11.720675131712118
361,1.4497840856827557,0.07730854918315411,1.804584403768511,149.23977817642918
362,-0.24912800252987097,-0.041369822298158145,1.002738676393771,21.03580612741304
363,0.7015765621771857,-2.151195437936278,-1.1481207257968973,-21.234120878688135
364,-0.3089145925825312,-0.1210468537742915,0.014638896573186538,-17.99262627248174
365,0.11027165426284181,1.5521698095186804,1.4137546024879377,59.73612264111853
366,2.077723671495818,0.8367685943155346,0.027025128016416357,124.02570372910438
367,1.2592619576054498,0.4227205799226128,-1.0131761795796008,39.76253184721806
368,0.04480980320399443,0.027700001503493478,1.0555469906217438,51.11957461972354
369,-0.9747104956069248,-0.817522712683129,0.42648841050991426,-43.85398330338634
370,-0.31466443426562174,-0.9206787624159418,0.9729274209191248,8.278228527798209
371,-0.13472761771427166,-1.7328924100759129,-0.08169602993801572,-33.73503652309967
372,-0.24842547702101525,0.5213167561871355,-0.7818046098164267,-30.017602510341842
373,0.25129772737340966,-0.35680459960021177,-1.292664259268214,-42.57763467328249
374,0.9908273397049032,-1.6300893413073232,0.36849873279873413,63.39409285463698
375,0.5429754824142823,0.2433579972359751,2.028309507730382,100.67274084649898
376,-0.1363625133830877,1.346347874639467,0.8984695916428443,36.3341914574265
377,0.42514084150064124,-0.30284039793128775,-0.5322942472142892,22.463767277852543
378,0.37586857296373155,-0.23491749863582964,0.7151742306790246,51.77015567565546
379,-0.3265140836277401,-0.9439538507088346,0.0533119497178915,-27.06113396915496
380,-0.3018289674049491,-1.0902528707139174,0.6177460113887644,-14.331421970653361
381,-0.8791065654448692,0.75560919005333,0.47769359760996205,-32.11407993347487
382,-0.33599575989254943,1.8557632201613934,0.14787440807405738,-4.0524841726224015
383,0.16153627166446263,0.9463847460442213,-0.19377856549729477,1.7017430887639389
384,-0.3031248810543872,-1.1793566644738707,-1.0727493420676797,-66.72278728689244
385,-0.1402010339717143,1.7182071379367216,0.507815404655937,21.437656215219686
386,0.2832412363323403,-1.2482319346200053,0.4274121142230496,7.496416392351085
387,-0.03739951601736708,0.3062404534907195,-0.6504357458227208,-22.972541250484166
388,-0.4076745689473094,0.7993753924327296,-1.4049462974612783,-78.46754857138046
389,0.5453256119423203,0.21612564331683778,1.7036004529498296,99.26547478987433
390,1.4059106597043793,0.0662949241951359,-0.6504084323078583,51.66026033432995
391,0.32067102389728275,0.7795131870916404,1.3241116970734486,70.00586429982987
392,0.8305768136559893,0.2911189406947388,-0.37446213136698925,36.60634505738861
393,1.557990451637881,1.0091444852981724,-1.2138471680409892,67.07847910666815
394,1.1515341589113894,-0.5715593657227185,-1.4714105208405972,17.733579711247316
395,-0.5405549032588344,1.8762257211106999,1.2661461473047737,24.165686082209294
396,-0.47384298949765274,-0.8243050392347027,0.5848932663148178,-9.973301970257847
397,-0.8045280274414599,0.7319959337518707,-0.3275116086095839,-66.5761906718056
398,-0.9405678145519746,0.7284540841184978,-1.2753073018088739,-98.64973764301922
399,-0.2069697288644703,0.1017769103664301,1.9498769908453397,52.03460192378511
400,-0.2149269207695474,0.8465974490296234,0.43245749905122904,12.961487303126138
401,-0.0036857322286877586,-1.00952621171334,0.24567254496594768,17.20578259242194
402,-1.0345941968727448,1.1840543045349345,-0.4390615187488522,-77.93249307441236
403,-0.4917958385044891,-0.675019374182531,0.5064417308771924,1.980087955812074
404,-1.8420087026007985,0.37376457387804174,0.5629501656107617,-102.57331767831099
405,-0.6673150274206502,0.038014671756796105,0.9299338979106826,-18.57791109761439
406,-0.0034123586405880113,-0.05520660974698498,0.505339271593455,24.316772854568868
407,-0.6355180773964764,-0.2486052077686402,0.858399991386943,-16.637389300573844
408,-1.0083176151146647,0.1031099143961821,0.10752067820432493,-56.470674747991
409,-1.4730229573583549,-0.6213596564771036,-0.12842262137865731,-102.75220250113239
410,-0.8649773214138677,1.0730042653901375,0.8657110629033972,-12.301095206209313
411,-0.6725888650279505,0.48168137282250145,0.33478265179009076,-22.34046576312472
412,-1.0055304607175746,-1.070388571900301,-0.23218947513844052,-76.80704698282683
413,-0.06707891563258359,-3.1721003102860843,-0.37518672602122405,-30.909438450775546
414,-0.39026298722745856,-1.3017549402144197,-0.5821852886141851,-67.85417064782492
415,-1.4938832868546938,1.0179410753264577,-0.22276700375431172,-80.73565872841672
416,-0.5593258411560055,0.9275610274722216,-0.881193880299135,-54.39610307251114
417,0.7868634258721953,-0.5939293324078764,0.7117674854685521,69.86885784578983
418,-0.5754506257395537,0.5904985516135212,0.38174602146431635,-8.961994724251172
419,0.9871351877764472,1.4542025141398929,0.15288096401000947,80.0702514589151
420,-0.25597514646362174,0.6286888286305956,-0.6066435066898812,-34.264913685129436
421,-0.7410074512225036,-1.16834608976948,0.8182857904210585,-17.43281790127159
422,1.3265104212887977,-0.2746661763359261,-1.164369791178895,15.988609229083053
423,0.5605017508118079,0.29415641688607963,-1.674394292828201,-15.3872465380143
424,0.14801130507454502,-0.03353740137387318,-0.6973966275847915,-19.432812496704532
425,-0.7708837884305193,1.2195824985191246,0.5888338066349278,-19.022995657818168
426,-0.2591479160309555,-0.947435719315228,1.014093591584625,4.547229357174986
427,-1.1395303686205256,-1.1231740443412286,-0.3267850146658902,-79.33875309395917
428,-0.30462212362949415,0.2337963767996648,-0.45273946926403347,-37.185950922213166
429,0.4573831183314673,-0.6640306558215308,0.5652019551100654,47.496399168313985
430,-1.666156339758567,1.5368636253838677,0.46241846200593323,-78.57764593800357
431,0.7364538900727698,1.191471622375617,0.14760547526898785,60.13450211340753
432,0.951714273260571,-0.6333606647551183,0.4376433319394869,65.69246246869122
433,-0.6653545117530373,-1.4187186691606832,-0.0406503134632772,-47.171409492247456
434,-1.2002555018120753,-0.7998371095673872,-0.9379828479641633,-101.72820228657636
435,-0.9508324720468578,-0.9499291788952148,1.0773887279709036,-32.4848460531291
436,-0.483807601653454,-0.7299426082525945,-2.1647360534849587,-99.22052855098582
437,-2.9355677295937523,-1.137569028191704,-0.31591620157656575,-206.4417211489076
438,-2.201146789353395,0.6250236917090382,0.18928668196209875,-147.53839115969015
439,-0.36086334790787855,-0.17071141899368728,-0.40082339650759724,-38.83026813401918
440,2.797860132463674,-0.02250060365820954,-0.025843270506061253,177.87201627206937
441,0.16801615584207913,-0.7203523181594085,-0.3564600078309799,-16.39904576089538
442,-1.4594472538109418,0.820892045575489,-0.9385607114960423,-123.93256560416611
443,0.2474871988056751,0.40825113097396104,1.716205180126432,78.76362601532786
444,-1.1225479939774667,0.46221040242534056,-0.7344027514436148,-84.78281414384426
445,1.225802274069872,-0.057134749866284716,0.37287018248560194,84.8791765247501
446,-0.0613487386526002,-0.8540632829313802,1.2347778629203063,19.849653395892638
447,-0.9279041299975314,0.5148613239710063,1.6128362057709813,5.247564558966511
448,-0.35214471887967275,1.3649321152680731,-0.5488488826703977,-25.624079236659583
449,1.2344616458920084,0.7862599422460129,-0.33139257080902557,64.23664256394062
450,0.24742846990873524,0.1674365464002429,1.1399222627603012,66.82558597707539
451,0.24033576044571905,1.5272206663488106,3.029598466320292,149.9471862377364
452,0.23208727250300001,2.0935713246897514,-0.08202312998651605,37.63345880850156
453,1.1596260479452025,0.34052297651382013,-0.9123243695268083,30.86187770189685
454,1.07910238900326,-0.39196626966728093,0.49797350724061484,82.2918787030526
455,-0.27714252552813756,0.3783070952896554,1.4645128320229175,29.6360464774838
456,0.6483174298500847,-0.6922183736431903,1.461859432078812,91.2374894796227
457,0.27720741669462257,0.7631447942034852,0.3424712211645448,39.72173247888479
458,0.32659903408816615,0.6012764043399462,1.118764194956426,67.40125955144678
459,0.26491404180009304,-0.33421033105379705,3.241821887205255,132.30040008989573
460,1.3702818295674695,0.34526534456207686,1.483078853935326,133.4775537138169
461,-1.544964648015788,-0.558098522798564,0.3811660205320309,-90.6951457993185
462,2.2682360421474748,0.5154556856159651,0.5563637439982478,166.55414572481877
463,-0.7630709698577073,1.931603084818688,1.3382779862025256,-0.6384703832061085
464,0.3275387255458283,0.07081636983764744,-1.5371594599821907,-24.475098877845593
465,0.9615856004402209,-0.8495272175848367,0.06978300714822701,53.5391706624704
466,0.8685508844153289,-0.7020316434424565,1.2472227797925812,99.49926113093139
467,-0.16801847195575606,0.10346188957951205,-1.0452853771855595,-34.90305384668911
468,0.1779182964482355,-0.06868545648390856,-0.5843749910058432,-12.447689283277196
469,-0.5081883234780192,0.9931038968506342,-0.0693930134585155,-30.601776647451643
470,1.2787659497972161,-1.086300744829984,0.10417975210704594,81.32332638101383
471,2.4244601592745703,-0.37802485332207375,-0.7227056256924231,116.29026054252307
472,-0.3929156035326731,1.0996576061930354,-0.19619716701416556,-29.587973310124482
473,0.41076613698625364,-0.20149222024082664,-0.610149631849005,-1.335127613292031
474,0.1752901870531688,0.7672681061546789,0.5991742829984175,40.74862063057717
475,-0.010397039225076057,0.8219143018918081,-1.994827951040466,-60.42097929776299
476,-0.6883931417032393,-0.6032861320571774,-1.1079282465975664,-84.70257375665607
477,-0.8541950835922817,0.18562952499229757,0.17329002902640328,-37.99187360226729
478,1.0530458855546654,-0.8896517787670304,-1.727894749387194,-8.596476435445663
479,-0.6954519762548185,-0.08155989135324329,1.479223297792566,12.436108048675797
480,-0.39492727799352134,-1.3552430094631522,-0.673680965369712,-70.46653435112106
481,1.4055067615592582,-1.2630615298452261,-0.790707544880185,40.13365226451923
482,-0.4758938726684916,0.8177707417013227,0.4960690116352073,-7.4878731736593505
483,-0.4101507866875636,1.6387786354438543,0.5748944173765642,16.392868963812816
484,0.564632604610372,-2.678860424148854,-1.17690824981546,-25.12128787346702
485,-1.31667462706265,-0.9087767385546928,-0.9345342603901475,-147.17787018256118
486,1.0824014907645585,-0.9367814804552287,-0.11816352482543324,51.225252128526336
487,-0.3692016351759696,-2.072360814595259,-0.18944683998472095,-51.57459560422377
488,0.8188944339677803,-0.4092724256821437,0.6019507585546476,69.6016394745204
489,0.7138853414273879,0.8774251416172677,0.2595194495638712,69.6803953558224
490,-0.9220629976276391,0.2314748035022862,0.8233189956375391,-20.36527181747099
491,-0.20530746267316125,1.000462643935814,1.2445609472497987,29.613069129767997
492,-0.7687058649043552,-0.4582051538857381,-0.5312052128336389,-65.020661574545
493,1.2853907303904415,-1.0900937117986964,0.18738351260496205,69.29543695304184
494,-0.6839897074559129,-0.22394381037774821,1.197204182097562,7.67728838136129
495,1.1682381519885374,-0.6539582251592448,1.0605091096743717,103.71256812152005
496,0.7869995128606446,0.6271783430952992,1.1090886954553443,76.02373571531194
497,0.5120820353803652,-0.3470089957375116,-1.2434999184087001,-21.80096791470985
498,0.9653690210808752,-0.422933091336062,0.22547079055648556,77.72443280876271
499,-1.4415101884681785,-1.3354597632875915,-0.36733092381987886,-103.73192521161751
500,-1.1799505653638123,0.4700976159930953,0.7858841670395267,-38.63375804324775
501,-0.7261927982171293,1.6225421910548519,0.6995996384862239,-22.383904502659654
502,-0.49993812245250074,-0.9064153232223559,0.20217134287589275,-24.512903816490844
503,0.005601245386050483,0.510259830443973,-0.19124006730037146,-4.430581442744053
504,-0.7389569402808939,-0.7860242927701406,0.21975454178525866,-39.75921817706473
505,0.12437976079813023,1.4081855603360445,0.9491909790123012,43.938231984410194
506,-0.9542016837613878,-0.9761427213307037,-0.9318308746567222,-86.86119444037995
507,0.5851964725488624,-0.4061207216504133,-0.32992818246644423,24.809795617905326
508,0.472283919776877,-1.2671733268693024,-0.5660343361061059,-0.9802195690782244
509,-1.0263842539610033,-0.8451631787546736,-0.34071355914155776,-68.67356218369905
510,-0.2356509370161853,-0.12079960154675813,1.2191918058193714,20.768867824932
511,-1.5357731985324254,0.027222565220474275,0.28802009239885557,-83.8372322504785
512,0.16990211792190965,0.9238454820889815,-0.08164738731948681,4.112516490925442
513,0.32868381305510247,1.4176122393186676,0.7365999089260842,55.8013755356761
514,0.9065903865360583,-1.2054862147204357,0.11787529749857775,53.47538199530739
515,1.291721287205692,0.04795299319516453,-1.1814553686325782,46.157395422060986
516,-0.10214292740251575,1.1972294425288423,-0.49670094037504425,-16.785248176926366
517,-1.1443780551533504,-0.13378600059401086,0.15528219693706816,-72.59260188146253
518,-0.7210188310058105,-1.1841554605339035,-0.7174901552471294,-68.19564463210182
519,1.0859202600480757,0.5667194334099929,0.17248454194421062,60.77287949426045
520,-0.7927338116328718,-0.9502634896153707,0.5009688272012947,-40.71639306651833
521,-0.45138283009024716,-1.7672817447196563,0.7343909987807995,-21.96374882444219
522,0.2553834383113496,0.6759459861577953,0.5534373740310953,42.5109140619685
523,-0.09505193033646747,-0.24666712442456318,1.335638835353213,45.5663273543537
524,0.17827476390821276,0.02767481073644333,0.7099694917339932,34.707261608253354
525,-0.3259149273522291,-2.6062715135263876,0.19490739218003425,-14.202004956977394
526,-0.5996373883636481,1.143957182929404,1.1001944000572168,12.782418259128217
527,0.09416069985377083,1.0605164667111155,1.3578834532098172,58.52363805387234
528,-0.024166984009736686,0.4119651661748976,1.4572378248976412,68.35925575387951
529,0.06308411932688172,-0.8725516060435958,0.9555755198545154,47.584379723998524
530,0.46384372244383976,1.8126361026603313,1.4999608297431832,100.1833041544177
531,2.1216667374408797,-0.15325634005629885,-0.15125940476456878,116.99625127787371
532,2.541607515690805,1.230903464460921,0.04220018523082495,166.7102735975362
533,0.10317562214026689,0.40360944873529486,-0.5453713238803465,-12.396087275571517
534,0.5636273949676289,1.694031865479825,1.2927266559137074,100.6727532573374
535,1.3229402812758668,-2.1488964099213863,-0.24168884940896845,61.345050758209496
536,2.4452058620295456,0.05735617114395845,0.2898436190335194,142.41248695021886
537,-0.4976260988087935,0.035671328946939466,0.844928465308977,14.612777879248005
538,1.3330613256259556,0.3384466767292062,2.2616509907721083,181.76307145662327
539,1.5415186245853283,0.5597727570662965,-0.49735702353891015,74.87173388944657
540,0.927994822472595,0.6741361148669801,-0.6871582850833049,24.072000720853723
541,-0.639956694791482,0.7600652761337742,-0.03407543071399314,-42.667935530799575
542,-0.03623740607789069,-0.582660552005815,-1.5309342736867326,-62.417757504004506
543,-0.6924102902189452,-0.4787812392863886,-0.18098215015027477,-44.81119930523853
544,-0.4967483023720548,-0.4071291058870645,0.5605096865235566,-29.514990641001038
545,0.5914064343840221,-0.6568106970168015,0.016022163147533307,17.681144704453715
546,0.8800190320875807,0.48752357895513054,-0.3863406498488184,57.29897832667339
547,0.3714718616002144,1.1494190207089765,-0.9172097298844208,-4.084591307537807
548,1.4133425641762933,0.45223579535260117,-0.7202390129474909,63.54033044772096
549,-1.6699215787548525,-1.8877226350463128,0.9901346629171457,-82.46691990666343
550,0.13204508194700598,0.3684062986724209,0.8413517920035112,35.13125276590056
551,0.8638839337793863,-0.33138588275990816,-1.4348414927577886,-3.8329457278804653
552,-0.9638398560844861,1.008595868597063,0.06420365608162182,-38.67073004220941
553,-1.8133854390787172,-0.9566135495529431,-0.6252617174857554,-144.25888891465064
554,0.9141666871184195,0.1697370358712382,1.5698807811983981,95.17942130494605
555,1.4457067827153645,0.2530900344054113,3.2292968064817966,209.82592734361097
556,0.6628390546816605,0.48998381872025265,-1.184274031396392,-6.132642955513932
557,-0.024817445170546494,-1.858161668470168,-0.39646072578134134,-28.517006090783298
558,-1.2086184918803742,-0.780725997836128,1.467463486427467,-44.61145633727271
559,-0.8690482301013434,-0.16862880103113567,1.5184928597489398,-1.457322855340833
560,1.232315864393913,-0.09441579988279039,0.7552667035436853,112.52917743042046
561,-1.3160628038872433,0.09279553013588505,2.673987942754135,6.165997436038047
562,-0.8917358461159496,-0.7820430618079016,-0.6874013722134263,-83.80001450139069
563,-0.36280007534471626,0.010689289224444377,-0.8840815288832615,-56.44115411404468
564,-1.0510118685827545,1.0008936720071497,-0.9901637600734574,-102.68045373149268
565,1.1100926820030548,0.9988558555155888,0.6064194777617594,83.34816220889323
566,1.0203797335554388,-0.06869092405506459,-0.39179623933943125,52.7648320519807
567,0.20021732328707803,-0.4812492436557489,1.3658717295862368,48.700906131701224
568,1.1554139099824954,-0.3290584023883422,0.8053459181495035,86.54433686634576
569,-0.9576204370088373,0.5429268458079209,-0.40680301941652947,-78.28750932822423
570,0.3295980169504878,-0.48285073738263,-0.8805020121717656,-17.234196391128428
571,-0.3775990161331701,-0.3296689648262057,1.2269350867865998,8.843640562535334
572,1.2720989238393265,2.164725201181461,0.6024467570167659,101.77401818502346
573,0.135761219543136,-2.508030404916982,-0.31610575393913976,-13.293338946027225
574,-0.5298158798712711,0.0567044488701168,-0.1708490303195522,-37.99349846264982
575,-0.738374525529747,-1.8391402443373392,0.04373635433397062,-52.78085279191582
576,0.27760548024868786,-2.220958383499447,0.6637378436040685,20.09424767244811
577,0.6503966084105105,1.1568558161754867,-0.059050661850211995,42.25169794709646
578,0.03221043367368361,-1.2232170154813302,2.409746441008828,94.30991679209092
579,-0.6607667289860786,2.113701446043201,-0.26442256573995143,-41.08606167538201
580,-0.12631229357040705,0.6148424840605242,0.4776375441794259,21.095290949962028
581,0.5481078339136644,1.4511816212086412,-0.12310569205384742,42.74822087105059
582,0.7415377580364063,0.5372200147690513,0.5132319192943193,63.711317924519626
583,2.587772488859942,0.8713532989196094,-0.9931157914919133,137.1123685011276
584,1.0406599093162836,0.1834012705842126,-0.6846136593445573,43.56982953962524
585,0.4091589368395886,0.818032526410459,1.010006702762148,72.88310639800056
586,-2.5929781452899827,-0.3905669910725166,-0.425863270157806,-180.85595505380914
587,1.313489681880496,-1.695589627370889,-0.7828718321241632,25.42106250041295
588,0.5194400081104051,-0.08444354285669267,0.08359861510578108,35.14150325611694
589,0.11255055207486055,0.8518491354825285,0.09543886048062741,-5.330562092689696
590,-0.46722220143262405,-0.2703893185285939,1.0117999957342954,1.4180799300975573
591,-0.22457826815152018,0.0059992134117860165,-0.22812499787754448,-27.70625001589159
592,0.5128447634442157,-0.7829305637359171,-0.6309124370331055,-6.468997479413969
593,-1.2440935855567992,0.4973959152387476,-1.2016886730665883,-112.81583524876476
594,-0.2532860309738082,-0.08268956829326328,-0.35642452455262175,-30.483668725546003
595,-0.5678536788534642,1.7416947837161267,-1.137716038299604,-49.58329024324902
596,-0.29712914100074295,0.05206377871403393,0.8164585867255747,-3.5233296695543057
597,-0.8155509027461056,1.4815885534707502,3.6811942751760287,90.21579887707723
598,-0.021226627518160804,0.026801990235101502,0.0941129405370854,-4.022177139790275
599,0.17785403197052535,-1.0443119155804546,-0.5070009067390785,-42.48365696400326
600,1.2664199091634714,0.3903696910981033,1.1789903155488726,112.88110489918334
601,1.2093781659542846,0.14081810074282394,0.9532133652821602,109.37958271546766
602,1.390389512056236,-0.994457326846796,0.5039730923735651,108.0709285173297
603,0.709339975971516,-1.188869742986906,0.6437034809377153,40.880464065946356
604,1.5139464725944276,-0.7461574036318214,1.249425644634379,128.25933182606397
605,1.1414316992573061,-0.08848627394840601,-0.5519864986121228,69.0754008471416
606,-0.3559940467937336,0.47212019154767826,-1.0053648749919761,-67.98397277787858
607,-0.49846750511792154,-0.2568822522164612,-1.151840415482246,-83.71395493877009
608,-0.3853200043016078,1.9987794968906363,-0.0037411920683842795,-10.750360498641314
609,-0.055587326568620664,0.33047719992870317,-0.4343959731478654,-23.52366003187792
610,1.0917474652014911,0.20174511208458284,-0.24575013229793177,51.568153422006375
611,0.20553068011739767,0.6811669451722174,1.3855737866842714,79.88356354424359
612,-2.0137451135711437,-2.0268835728167,0.8385595206286188,-111.25605692390619
613,1.0272065449448713,-0.4755729948463456,0.11990666286339698,52.26225145218049
614,-1.2642399940490396,1.4366219197627885,1.9794797043110872,-10.3230529630169
615,0.08995701226946692,-0.1519424511824495,0.26514282411303414,12.978190687655976
616,-0.7453770894018799,0.45303220238759884,-0.7445129321702108,-59.60446207674255
617,1.8395774943090113,1.6372261548710507,0.8780933436114248,157.5044982278012
618,-1.4891787003784358,-0.2139788730722897,0.9196294872487337,-64.88457183035334
619,0.15695939563594535,0.1574129875217546,-0.12003626010743702,2.426941645307128
620,-0.8623383292588518,-0.23372029454992918,0.15948133153605207,-46.63293266516882
621,-0.7812955477765566,-2.39272310117614,0.24694095688473147,-56.887354936228704
622,0.8874161909502095,1.8527724224488067,0.044879536416026045,81.59396069200146
623,-0.9291276958894139,-0.6472083925929075,-0.9427246231199603,-94.15170190607586
624,0.5543559276581073,-0.5653629207355803,-1.360174455149359,-25.625898046579437
625,0.7461622536956009,0.8118690711421906,0.7716804693518524,80.51771780863007
626,0.7616426810551136,-0.13281368386748757,0.9102892595649537,99.96484946977175
627,-0.7083393094846893,-1.851924011414792,-1.1530306002918194,-93.73073510152555
628,0.19530175837879132,0.9020518656103304,0.40527981417725295,36.60159276900393
629,-0.854066770071532,-0.46260333689587574,0.29135695139810097,-17.666903703550727
630,2.0755440960844203,0.22336889562631848,-1.311382872158593,99.56927853926183
631,-0.2094452769102799,0.06519611884361952,0.3015919997008876,-15.674060508538188
632,0.5130370192681712,0.5310660454264354,1.3598951011313616,81.40212390584374
633,1.4995865560389547,-1.5899976358943557,-0.5277287746526436,56.522929943145186
634,1.8861574116627047,0.045311457099548536,-0.753787003116048,92.6990338994867
635,0.07415373258043644,-0.47913069801609004,1.2570090081842158,43.148716006871304
636,0.6597543469783967,0.06764336609818129,-0.11394212233916663,42.684819167823505
637,2.040985759380239,0.5271424256679613,-0.2602084176405411,107.87581759366141
638,1.1784751115540986,1.0705987912035206,1.1576824211281496,128.30836045579778
639,-0.9771357317208795,-0.8180280142162927,0.7537740097468794,-43.838534474216765
640,1.172469206983076,-0.14370724734554036,0.0176943782572686,76.47011056216134
641,-0.09124070901603948,-0.5306688738866038,0.33789815567696946,-6.240209488193561
642,0.9116415380056728,-0.6890469237153642,-0.11963871594081277,34.11007831710721
643,-0.26554272373291793,0.5482643884374044,1.109232783635677,21.0524824293897
644,0.5719729955347697,2.0348196024867207,0.12801203127892288,52.940739130814464
645,0.2495692533279929,0.4686628263621868,-0.7217974182799101,-15.294168925235176
646,0.5196463509842164,0.7968546361328892,0.9191504709930814,62.582928858257766
647,0.6359762346393512,-0.2853351136125793,-1.6027284308873988,-21.17237521732015
648,-2.988434484226067,-2.1116896985495215,-0.5153963327488222,-206.27806425241695
649,1.8069842915475363,0.6522743713154113,0.1002005810579882,104.41083456720901
650,-0.5672977495484415,0.8174888624644764,0.5299142459916435,-8.102780424432984
651,0.7043923712633766,-1.8967737016154627,0.6217310795650998,49.99986045610742
652,-1.1438199563505096,0.3871443527020872,0.6911211651850913,-40.90457671028698
653,-0.3308935199219252,-1.0608281299424995,1.0413613052570903,12.097313664537133
654,-1.3062042829682001,0.7557766532236728,-0.45434761161189813,-101.62051804801058
655,0.6533716307605038,1.0121957312972854,-1.3061423767895557,29.157462024645177
656,-1.8033511061923841,-1.0924359906647951,-0.1338320650349382,-119.95364257160703
657,-0.12770314897203536,-0.6433425560409507,-1.1111772145128165,-55.68095298557133
658,0.03883510113711234,-1.6082769891274507,0.583019929524675,27.142744819049454
659,0.5035640226656667,-0.35781759761260773,0.3853454038241602,59.064888840555156
660,0.46003879964823546,-0.8926196063149128,-0.21020866515062558,18.964610684132843
661,0.45132741744104016,-0.4048914657303787,-1.269645350838216,-24.98149392119106
662,0.42834964957973,-2.18817942653406,1.2169260944396159,36.597685228052754
663,-2.8906674063719158,0.08791003014465562,-0.8325941813973456,-211.72937420358554
664,-1.2292815578551464,-0.7818434404220795,-0.4951482135404619,-93.4627954173702
665,-0.6956376309291142,0.8267932359260772,-1.2945995329092277,-78.36587555301027
666,0.22871659148775872,0.15778615946808855,0.6587349432684491,45.69273068599724
667,-0.022651857564299795,-0.8822290520043885,0.7865075061711702,20.28457884380093
668,0.1806576779817604,1.503822206979706,-0.08266155094996208,18.634830665362625
669,-0.3255703491289029,-1.3304188055586323,-1.1464865214725644,-82.07771441111025
670,-0.6487624869869918,1.300157493567391,1.3026108110811239,20.38825917624364
671,0.1720825608403411,-0.39600287567621056,-0.03720316586845283,6.607203912213932
672,0.7966186999871853,0.6225882354963713,0.8350357425965864,66.4706699401001
673,0.1927481746744124,0.9933651218907178,0.12279371541218086,28.34832245011506
674,0.9676136355986225,1.271025638347684,-1.31884049919272,8.911722965941482
675,-1.8381695956039124,0.24042368345220283,0.4829091825847214,-110.61870799764506
676,0.2918700798595232,-1.3328018810476743,0.519925562059831,4.951192922128737
677,0.12915828637808424,0.8198231507101772,-0.11465238061987414,8.550799846604212
678,-1.7819138207325933,0.5791815527427905,-2.0373493894275114,-167.96321275073663
679,0.29060842475311255,-0.0010204356635785624,-0.6783976665962342,-16.03165944498077
680,0.20912650701218452,-0.1050686842874956,-0.16814436104668135,-1.7286105098100135
681,-0.8490384015880024,-1.002779859710876,1.7641907781406627,-3.215491971497981
682,-1.8879569932068314,0.10527626201004148,0.4591696628291289,-87.23180938235207
683,0.06652522886496702,1.0533079981724072,0.6251196610504018,29.507942855749842
684,0.050513082030792404,-0.10799134550504487,0.9671413866452583,60.76291774146083
685,0.2429360642725061,-0.14994571373719412,1.0223813873010104,54.27312116075631
686,-0.3858073885180554,1.5627480784306902,0.26345308641598686,2.3024489178850924
687,-1.3911011690908333,0.4071007558188281,-0.8913101631072717,-116.70621256587539
688,-1.153695239758043,-0.40647024783633795,1.413004415954171,-27.65086587630241
689,1.0185170683444993,0.02454439995379967,1.2760233481024366,98.88331513989438
690,-0.22316649680365183,-0.30546777855300444,-0.26650088259555504,-25.820710581497888
691,0.612849524202973,1.2666720987254825,-0.04368538078673689,41.42641873428998
692,-1.0631989750887525,0.032515301413295505,1.1530701603770932,-0.14655761920940336
693,-1.103007568739449,0.8489129772926289,0.6252677193689653,-38.95360071043372
694,0.3555917862258594,0.8533429084415771,0.45521730163724305,50.730558225136484
695,1.2653623836999635,0.12765586416603525,-1.171178873806771,46.70064029927166
696,-0.6344468915170947,1.117475623922044,0.5876162276379862,-3.5747688127661004
697,0.2501391395890784,0.3412077055856252,-0.7835556168600375,-15.922424614993528
698,0.11116071431471361,0.20345255895720507,-0.17195689862422725,-4.91874040494763
699,-0.027292111046786548,0.40912457457746765,1.007402862082955,18.661076109764224
700,-1.3332796101136628,0.0939191411693616,1.475151575830245,-46.427604287900024
701,-0.5771528210917025,-0.6461251578230692,1.3517612644632129,26.59312067285793
702,-0.19410908734758464,-1.8475699202162126,0.6454371804894206,3.6956200926474008
703,-2.258742024800584,0.04496576867791947,-0.9133869244574998,-164.61386125887708
704,-0.6133771907649873,0.04261219090036912,-0.3690585230977581,-53.21323928458091
705,-0.0152707805480042,0.9242742872481976,-1.4054739374390943,-41.331595444227844
706,-0.08902380719025794,-0.764205866886477,2.407346391047979,81.65781681574269
707,-0.3295732558725601,0.23643186280137246,0.541291551175129,0.16523174242001926
708,0.8302677486422264,-0.6026371459242501,0.07765700618748629,46.60092086939463
709,-0.5987600759606606,0.6025151873925713,1.175975040237773,-12.104934091066198
710,-0.31508000943157083,-0.02422871688563338,1.3522886350322354,47.73073130838962
711,0.5493930514219605,2.092341396775243,0.28619476769810753,54.60548965154694
712,1.1298172734761873,-0.26070349556779693,0.9179522656975262,110.89398573966079
713,-0.40768132410453795,1.0439284025969626,-0.3929344523965778,-53.30917182951445
714,-0.5802674230629472,0.6923465836248788,1.1142259202128184,10.353325684764494
715,0.058531034270615824,-1.5696092422178385,-0.711599452628848,-38.46424019959597
716,0.3052374103212685,1.5912295539448034,0.7130985573610297,41.69034106751693
717,0.38855259114852086,1.2235975334303755,-0.35202580131820116,20.177102585196206
718,-0.40431643486562924,-0.3017287657956989,0.6553747717096368,6.848615153045884
719,0.7501315459680585,0.9677967020546864,-0.6273375937848712,20.245599971956587
720,-1.4104337274405552,-0.2096287661645469,-1.7788937018420814,-128.4930895664907
721,0.07454991189213866,-0.9500353507924405,-1.6685616729843362,-86.38185124114825
722,0.18603582044548225,-0.20439180832800946,1.0815624636528995,40.828144165236424
723,1.3607791426518325,1.4460649557582614,-0.1917333737624701,98.01070877259974
724,-0.1021850616123434,0.030712945178946842,0.28728733780218246,12.653208237348737
725,1.1735736135976291,0.10968798166837017,-1.0289256827648772,29.26651992684901
726,0.05511627517641467,-0.4010004558215744,1.5140947631379675,56.69585784402444
727,-1.1198889985658287,-0.3807288693758033,-0.18715517847552313,-70.3203896231989
728,0.40807139000379594,1.3339075129079785,1.4725343451118313,92.6629763571208
729,0.08675863424860653,-1.8673667721681781,-0.7050744274540899,-41.09143112800133
730,-0.7886451909685027,-0.10974137966006407,-0.3766916162679763,-82.60925642347608
731,-2.7309080251320803,0.25004571346887305,-1.0657363027055717,-195.16575008994124
732,0.00585354820211329,1.123701682382839,-0.8447380789120965,-34.77215280693421
733,1.027158137391417,-1.2347191145038101,2.3056554255737467,141.56968946504094
734,0.16380427559894534,-0.12648179379488322,-0.5587268040867664,-13.877777510742675
735,-1.6980920441834693,-0.9170026997198776,0.06484043609821927,-107.59214036390082
736,0.5924149430009942,1.5487441559202246,1.0351726401682582,94.47766235792182
737,2.0832580972644887,-1.8971030941477196,-0.16110356400259215,95.72589536548858
738,-0.11943251384148959,0.9904236487401911,-0.06587818333392079,7.8786336417380625
739,0.43315646574420197,0.7302545585394912,-0.9274995904274062,-2.309786162192786
740,-0.7146702922190229,0.41369322230728034,-0.41888716877015597,-64.85296349533222
741,-1.9841500274042363,0.6252097077017381,1.646971782599534,-47.158108770518695
742,-0.6061706884648737,-1.6381159820109603,-1.0389685823431611,-67.65250904868915
743,1.8424060210970927,-0.2804387492936445,0.9035577332924958,133.07505701509976
744,-0.8470959229522399,0.0226271899929509,-0.19589453130128087,-39.15518251846413
745,1.5438648014226954,-0.5466789866396224,-0.6714806607555782,69.97714624168567
746,0.05060608650385393,-0.6663215310775297,0.9242352966820224,4.886650625026082
747,-1.7640848013607324,0.22282917699498325,-0.2910523076405231,-108.14309890631695
748,-1.1322658583280114,-0.7811351552153744,-1.1315789095838245,-130.7477232244373
749,0.674447834718161,-0.25151337942689067,1.2849849892172098,75.13672495573186
750,-1.2843221631035646,-0.2320033204403235,-0.6256028395910885,-107.68240987319228
751,-1.5411252979720333,-0.18885358536537597,-0.28566349141310793,-123.52240114008947
752,-0.5012851192307647,0.4461586860483314,0.4235477210443917,-27.57706017462626
753,0.384900851847933,0.34253572510193786,1.1525482587289015,59.27839739607896
754,1.0332802536419416,-1.1217599286761584,1.8947847097803807,123.02605702014166
755,-0.06998696148873529,-0.6530087976890822,-0.0400080681946582,11.772489801727101
756,0.7042949406384713,0.017255412947867383,-0.2988995060999222,17.449156876199414
757,-1.6751150983664664,-0.18959263347294752,1.1827954961642113,-66.29733825765341
758,0.23274712410406354,0.609718254703749,0.1971503980611943,12.463545011690494
759,1.3316045995004075,0.18660972221766425,-0.9116813363519036,64.2057155067562
760,1.074263055766017,1.7658972781433702,1.568753249709735,146.48198368069973
761,0.4866339223170687,0.7454636856867712,-0.06299730755698084,17.358680479866646
762,-0.05343963582141769,-1.1991887427749157,1.6096957287138955,52.7678433760277
763,0.6415789328347873,-0.4234630529283502,0.34292051880129887,52.05843068913494
764,0.6599248488406353,0.3172153473161675,-0.24704184392584136,29.427278306578785
765,0.12893974773029956,-1.8104129555136697,-0.1482332359324364,-26.858834084660714
766,-0.939328208070459,1.4305057611013658,0.3328796490934003,-28.171401638852743
767,-0.2645829270271728,0.4466554645530155,0.3122582713211291,-18.779204564798178
768,-1.1848814323604353,-1.1590398424563209,-1.3107462666443257,-131.84077209223787
769,-1.0737927471835529,0.8872562441740545,-0.41348235319084053,-70.66771384267169
770,-1.547356652334711,-0.6386434090249138,-2.228676545728897,-177.9260951704591
771,-1.1230217751539733,-0.20278130540590728,0.18488879078639833,-68.18320673965836
772,0.4016332299480297,0.706573244805926,-0.5670635837245482,-4.000459626187512
773,1.2143045714233713,-1.7733103206313607,1.5723413538627486,127.3195141589565
774,1.203817804395798,0.47965408760172606,-0.36714017806388455,82.34639960252633
775,0.3771289495370444,-0.6959552336843173,-0.5595203195594682,-9.638576780743696
776,1.8813558635074663,-1.7692557957090584,-1.488115805701462,52.49057614477714
777,-0.2556318668149346,1.446598818790684,0.8946324395316088,25.519092527874115
778,2.430540133141088,-0.12163692728408869,0.5614748837483589,163.94950332350896
779,0.010082191704213908,1.8054267272281221,0.010367023228631183,1.3742907998890228
780,-0.7005208556445317,0.09378903182269994,-1.450327794467718,-77.37620254386192
781,1.256744380630242,-1.359618229825785,0.1830017900572969,63.59988926896728
782,-1.0450076584498451,-1.5606489487308166,2.5331984795823286,20.74116513766965
783,0.5041904195145788,0.558149673112201,-0.1094130890460664,47.94059915677149
784,0.3630891724133488,-1.3290811265708602,0.4463307075030111,26.488073163173095
785,0.4746228576982963,-0.5342919584821898,-1.3360367939932096,-22.154382824072513
786,-1.4503206383908884,-2.2003714392413523,0.9137641617830259,-60.07820770236843
787,-1.3143389235053466,0.36060321431877695,-0.18122807871842603,-89.19169232639724
788,-0.08057018660120466,0.37099566101015813,1.0585043845654283,49.967379964277775
789,-0.612380531538495,0.8047669689545698,-0.8198860644624031,-71.60392555317982
790,-1.650245735323452,0.7691587974572067,-0.3244848392744728,-101.05968177926412
791,-0.7471902117475037,-0.030383145962612067,1.1718037636660648,-5.757944185032019
792,0.15371244572629464,0.8700000896316872,1.3526420107366501,79.35108300382547
793,1.7210531357239554,0.8296856639462123,-1.3587987198847125,72.83669776863941
794,0.4571803964513402,0.26213528422295423,-0.0058991460320260555,19.98001071579921
795,0.37415819405208584,-0.060344068837456084,-0.8718226834499636,-7.392130214364132
796,2.102195740231833,0.5852020131081495,-0.4452944770365618,118.89012690224895
797,0.010562314551701,-2.592446264751159,-0.02826540747421618,2.895969181266473
798,1.2573872538920359,1.6144457880444103,0.023209748688703315,82.85124952608997
799,1.277363268956859,-0.19901569281167492,0.6792673408034124,109.33118039509696
800,0.79777752799172,1.4844157596411105,0.024231649321090024,43.179490217225364
801,-0.7631196438535155,0.2952876666110846,-0.24187793520005016,-69.63419183749468
802,1.6588439269677047,1.6500040276478254,-0.4747100839440135,90.70358356092409
803,-0.24645722761700714,1.289049857703612,0.6989744822987654,17.971039921451215
804,2.184767080091065,0.043636486420550485,-0.34602988549401387,113.29488200467969
805,-0.02318519663065303,-0.5253331372031863,-0.7550054545667344,-27.753226399661163
806,1.3964365081558106,0.0725788026943119,-0.40502569659506776,60.99884920427522
807,-1.3704599628487548,-0.48520081236268264,-0.8940016648624141,-110.66818850493215
808,0.5619218193390888,-0.504383099379013,-1.399598120747709,-12.903551813219472
809,-1.6274704917002967,1.6890080716061375,0.12125872900517215,-85.3582228673439
810,0.28691125989276267,-0.860330983035484,-0.28041576500238086,14.230963627316644
811,-0.5861896806666507,-2.181139125145485,-1.589369546308254,-100.77803832645048
812,0.35582099524336486,0.4251411348037871,-1.0357899034047469,-4.027355529158548
813,-0.06348181025364437,0.2570342726509226,-0.8215488351935523,-36.39003805960885
814,-0.43452582066411477,-0.4762964471748175,-0.11013974355349641,-19.332645937131666
815,-0.043929443545720634,0.879238997847931,-0.8852663077399805,-40.4371094648551
816,0.4217350225901341,0.7051465193638023,-2.4964018963921006,-73.6618669040686
817,0.3503179490707884,0.11530206446855781,-0.8935500612511736,-19.400394509455055
818,-0.6830927385888099,-0.6233070034400622,-1.1579507301686929,-94.54961291870515
819,0.18173185941820888,0.1363171741446051,-1.3032372869057096,-37.58446139129278
820,1.26986989750894,1.5281825111287097,0.7712829186643133,96.89526613458466
821,-0.10914028423922896,1.3474837810879183,-0.5854644845642324,-21.37855288870865
822,-0.28760304204302445,1.5760552913024466,1.034550935064714,37.11054157580501
823,-1.1791099508515832,-0.828799999147548,1.563954088695052,-15.690418226720055
824,1.0956256809157243,1.1353225451239999,0.13168588288400096,98.71773725605256
825,0.738431967303643,-0.03302071587326663,1.1091923301372633,83.61522576883822
826,-1.3374587003169913,0.9339425099391014,2.1882369732189284,-4.1565466623504355
827,-0.4627378634123447,0.2706921708143619,0.27894581451115863,-26.51682131736297
828,2.2705901519480203,-1.3365287417599632,-0.7983910430350969,102.71507509956862
829,-1.2710315988547431,-0.7486565781191679,-1.1185433807125964,-126.80512852323935
830,0.024517327016060755,-1.8268025763717448,0.16648842781062617,-18.048784284391516
831,0.9433871074764605,0.1528284550145423,0.6684999095622658,76.94568559317351
832,0.0017074316257635563,-1.3559683948439936,-1.5628380668710737,-54.09551541966327
833,-1.2623981304291902,-0.6141074882544981,-0.7922673721125705,-110.064451203184
834,0.26123694522718666,-0.1963770992446534,-0.5411843418092425,3.147346116323914
835,-0.9761218741333102,0.8227937112506695,-0.7157689780433383,-81.30899273632292
836,-0.11112351478610621,-0.5505293643765449,-0.5171218910685292,-12.067769037292624
837,2.769611300676417,-1.6075294544984058,0.8951852998739422,173.62244963866448
838,-0.8071758913085008,-0.4788968446603648,-0.3950514057386566,-64.26691839724671
839,-1.3670737142021196,-0.6059870131918509,0.7286083287479432,-50.98311994219516
840,1.1159121095744298,-1.4638020089647608,0.6008062425529779,64.79959860487742
841,-0.49754532083095465,-0.8776543675692737,-0.4097914965985341,-46.88642658750082
842,-1.9136124233841865,0.5998576688764731,-0.4963489792863201,-131.83217730786635
843,-0.12466619227765832,1.5652942766336344,-1.107859989509601,-44.339765554777586
844,-0.5642664447076838,-0.798554052267199,-0.42421032835506206,-52.84764453921718
845,-0.5282165212771198,-2.1888627527069286,-1.8495388974509905,-113.7942736562168
846,-0.5985071115489489,0.5083030353210356,-0.2913629528011935,-37.58631779613403
847,0.4338027816059872,-0.913016785700313,-0.26171376822514125,19.22191414535736
848,-0.9129815354412141,0.12878765652387072,-0.6699595023298931,-82.73624311106039
849,-1.0499063784604221,-0.3528154488618281,0.7293580035721585,-46.899739618474314
850,0.8264220802872769,3.7061609193828997,-1.6297317424159852,17.78806574729185
851,0.6172202560917242,-0.5922321085205476,2.101770363709917,106.46614812447581
852,-0.12271770737624044,-0.6881221103916259,-0.6258211024302268,-33.65782185068891
853,1.8409333384316653,-0.9128681725223288,0.3651827828957344,116.01328173123296
854,-0.30192277315366683,-0.4480527465701555,0.757839290260357,6.571741872815322
855,-1.932382804427702,0.5990945361183398,0.9237324143785324,-92.63797584118565
856,-0.32392328437100804,-1.3060822591764238,-0.041374117650100906,-22.703021555962927
857,0.07106937477678255,0.2887884982972754,0.8071711360147243,31.81298515681603
858,0.02739653028516221,1.5024422685248537,-0.3088362843529874,3.8589649883414086
859,-0.9746208970754484,0.06357907326866767,0.4312010436205511,-49.3654862070107
860,-0.07662425682080001,0.8492654725608908,0.7907777422770709,50.36774066208598
861,2.0498510977969366,2.2390102175936715,0.6228664737514272,134.00741827033465
862,1.1977660830327561,0.33904692320422913,0.08390875979481674,85.40402719548106
863,-0.2690725577508835,0.4312868404505105,0.19804211304384592,-17.430604714012134
864,-0.02219085492995622,-1.660307582325035,-0.9472916380725326,-54.65788146012895
865,-0.40748030628588533,-1.6721022354115704,0.9333969392785088,-15.97379787113895
866,-1.4610872373324841,0.04281486800527344,1.7946789557905674,-28.56084070817416
867,-0.7942350729794249,-0.9149638695849905,1.3014320926258143,9.32926103117886
868,-1.7109869281226795,-0.44237946686470364,-0.9047000790814722,-149.79915377933582
869,0.15963630026286285,-0.35761972955687926,1.0486653689925887,51.6703943395958
870,-1.3284970140679535,-0.15502273874424993,-1.0900610325658537,-124.90093313976487
871,0.035642310400306784,2.0178917161667353,0.9504988975768229,76.35721472805882
872,-0.3908908248873765,0.26749259478885085,1.5228390547318924,26.505453879783467
873,0.8481422304353844,-0.748713371385246,-1.5219449667103901,-24.22260696096601
874,-0.8763747099938826,0.12062359056725656,0.24189622471256414,-49.98551631147936
875,-0.3250066833163505,-0.5921108947517385,1.0323308132326525,27.658500632389387
876,-0.8238724816327314,-1.5971425937389618,0.2842173862423757,-32.19428805536072
877,-0.2834934658311022,0.4568093992642169,-1.4533642372388125,-65.03603165970407
878,0.18121983721098578,-0.7714078696217884,-0.8419864745636596,-22.12773465091295
879,-1.7038435486791226,0.6146203108542535,-0.4837159315045256,-104.0684426122549
880,-0.584901973172194,-1.0302724521026259,-0.7779482289902981,-95.42314577849521
881,0.10533990005456574,0.08531722005481926,-0.015908369493476612,-0.5872015899027705
882,0.28196832079075584,-1.920083401792667,1.0441045077092894,19.76098572661331
883,-0.26233729457512805,0.5798368255596722,-1.6063794012414125,-68.4127481363962
884,0.6125388258982158,-1.141889775086007,-1.002403937402805,-8.412548795955463
885,0.3858843679036891,1.6286799165206252,0.5503879270090899,47.503787909521925
886,-1.268220059063192,0.0500280224057499,0.611039151527603,-51.82240715500176
887,-0.3465099497713771,0.6213251840631661,-1.0226077391746717,-46.99884326670641
888,1.6235316294661188,-1.4094562106870567,-1.3826291952432093,26.60462620973714
889,1.6769678054269423,0.8848623235732642,-1.0419003357538983,71.40682410598167
890,1.5174500752196267,-0.7112154240628059,2.917631417676846,192.693660507193
891,1.2798005587821377,1.9145769590174555,0.4485285666402585,113.69933507830726
892,-1.1818534193453032,-0.3121541995921996,-1.4405638662383722,-133.61048306746844
893,0.25298057533831403,0.4343446172460037,0.021907560411651497,36.365129552402685
894,-0.7600755916264449,-0.37947265721220635,-0.4913939116050699,-52.8165033301471
895,0.002577879386402971,1.2347300807770158,0.4513544448520072,23.505935646526755
896,1.216793777326916,-0.10853573501340168,-1.2012034490687689,22.18460915390331
897,-0.5474323830545869,-0.2741916691727609,1.0744918890950672,-4.018200779643551
898,-2.0384331914936995,0.6144229692082557,0.2341128298233002,-95.19380802559809
899,-0.37630337010026194,0.06785683171999753,-0.596626998936226,-43.67835875811428
900,1.5457539174146875,0.9696673560803892,-1.0075105533162911,46.53585985246656
901,0.8614838322154259,-1.0432869685005544,-0.8083034807752805,6.89217351861433
902,-0.9373351231760589,0.15671165648253155,-0.41712779582272136,-84.9609446590696
903,0.837771094643991,-0.2102409590346134,-1.3066562956253391,9.306692873472803
904,0.4282107387995176,-1.9998055833787842,0.18307917864650006,11.674649936704778
905,3.303885862091679,-0.9061775735715584,0.8305688048494537,226.42766586319289
906,-0.48952174848551966,-0.845885194121843,1.733347148463604,36.99132039139233
907,1.7420359688875329,-1.1292060755940487,-0.8095928024804787,83.73631022186827
908,-0.5354233659368305,-1.6599055713860684,-0.7139239201106589,-62.722290952133406
909,1.2610052766955324,2.1483111219827395,1.2678523286845627,132.66683579252515
910,0.055714136614486175,-1.3106784054581164,0.3974835911748534,16.7975241370686
911,-0.12289649154200019,0.6767090859685724,-0.05838785303148821,-4.16604916841014
912,-0.5603217791566838,0.5552780432084572,-0.600768991575968,-50.214482283288504
913,-0.16690549337991362,0.2631557683318698,-0.9849687845547724,-41.60791213233199
914,-0.5480031986569827,0.10316903708210381,-0.07660711429619532,-27.687188964150018
915,-1.3109071986378111,0.867885472944375,-0.8388615299870498,-90.27690392691937
916,0.966605247737128,-0.5137050574516109,-0.18877446500234574,39.84068896747564
917,0.1986686692147697,0.5431997625633622,0.07637327513851339,15.946143699860365
918,-0.41387086537548795,0.9235288884572328,0.24545858689356678,-37.510687903984945
919,-0.694168883112588,1.7017945283763927,-0.2763717512123219,-32.2638479862495
920,-2.0562815672138535,-0.7436283922416028,-1.0854296386828408,-168.73082985421192
921,1.2442152392303578,-0.6523558826299319,0.8803018540000915,103.11529252032203
922,1.39815350102766,-1.34818801028331,0.8335559503785047,98.51911007470284
923,-0.9691487785610933,-0.08386820786981723,-0.04434806910541628,-75.67758331618722
924,1.1556346357368006,-0.15847078626838496,0.2639783861589693,83.47719500439635
925,0.3332841031380975,0.891584533915567,0.41928837656477425,47.023446622459524
926,-0.700676067584855,-1.0325522468765245,-0.3847324362838134,-60.00391884576095
927,-0.45757524498845925,0.5750525296902693,-2.0163295487271444,-92.83116339678314
928,-1.3769079872996897,-0.2740281874447545,-0.6921115777195674,-86.36299257669188
929,-1.109118106759518,0.5760483884383585,0.5816720037329842,-41.04767597676517
930,0.18565149506973802,0.23327929166367883,0.03811667981613345,20.61032249266117
931,0.09667921274105647,-1.092193757491975,-0.43375644537152175,-4.969561794064996
932,0.4795345880006948,1.5338716912201251,-0.12525597938592556,26.797102543777754
933,-0.13340154326094555,0.9205318691848964,0.6994117606130228,19.772316852736854
934,0.4432927481949697,-0.5426358206751867,-0.08441834097069871,30.71456765455413
935,0.16554270473268975,-0.12852866875029176,1.5746257635035708,83.27814471328257
936,0.48036099031721274,-1.7406401233840576,-1.7157712215341314,-55.24752037855157
937,-0.8308975232496223,0.2584434493166838,1.3500800208096289,-17.11321551297108
938,-1.2698207553169527,-1.2745475373789001,1.8855423111351233,-19.961787232048927
939,0.6988694521571587,-0.17343338478214138,-0.09029361684886494,43.99123119119904
940,-0.8754708169821904,-0.15498685842340876,-1.251655352787887,-91.51417524604314
941,-0.43895033509667625,-1.0906772549138988,-0.6814765807288707,-55.37734920367106
942,0.44060895763259844,-0.904602048785939,-0.23678560409326976,26.205792033604933
943,-1.4776903508278423,0.45263932286990494,2.0717017944920406,-0.947357956243998
944,-0.09441493561225488,-1.2982842895129738,0.8245179193567621,20.663903719032426
945,-1.0143063553463179,-1.6242017327688754,0.3116883962527794,-68.92080313303732
946,0.8977212038879943,-1.022493353644028,1.0459560025241883,81.29843174053845
947,2.7496868792971156,-1.1219031694335402,-0.3075434568168325,141.34197087702483
948,-1.4793217114082362,-0.13615375976671357,-0.7013259402138897,-114.35888605227585
949,0.6136999379720258,-1.040495998722573,-0.8028928403449563,11.826133929207506
950,-1.140224881875971,-1.247300839206781,-1.3174909633320901,-130.5868679574177
951,1.1069890054785494,-0.08338304395460382,0.9484108549784799,112.3840731021074
952,0.9681122585824499,0.8284909604158865,-1.5201056817314267,19.067020026194378
953,1.063895461611866,-0.8643036145345875,0.14647672271289855,80.16849902221243
954,1.0694143128418392,0.661163294937053,1.4657106752301448,124.3541703859761
955,0.07410427561269303,-0.5804455262743082,0.4932393421187982,31.150352422968957
956,0.4223888335503684,0.4767512589780882,-1.0958550709267312,-18.19287112350708
957,1.2682171351787686,0.6425377871822656,-1.676779481563368,18.65140448320085
958,-1.9019905687535423,1.109004106063267,-0.7256819655161296,-131.95999423247275
959,0.17745082050509636,0.7373036898669596,-1.2076613476208933,-16.941223901616514
960,1.668435463789304,-0.8025469980897667,-1.0643304316304554,66.03098114642218
961,1.1598981702071638,-1.064914351304867,-1.1668972746745132,16.860858852960217
962,0.06203129493648427,0.21001942354581393,1.4108627043266977,49.29883334784893
963,1.3590493112347346,1.2798941348042745,0.9134897564540013,111.40514177884766
964,0.6399058150854929,1.5423998731766804,1.2323978251679337,108.45244446212101
965,0.17339493416175977,1.2943419572642187,1.267970752459998,52.96178978961343
966,1.3466453758467587,-1.077626058856931,0.7416957225508217,95.4986253750053
967,0.966033164712459,0.2146304788728577,0.7300438682560695,91.2237637667341
968,-0.2891712398028529,1.1949959641428771,-1.6121651538524089,-62.26425551236857
969,0.9120442715160668,0.6948209104498794,0.5827491885505358,84.06428215150365
970,1.4292927645395788,0.3066798610916376,1.38654122333784,139.84648529889301
971,-0.2802831289493315,-0.2675799041186226,-0.2978592776196392,-43.140993370981995
972,-0.3637206911982107,-0.06841764016687546,-0.34423507233772604,-29.972172243994677
973,-0.058198678473177806,-0.10250514482718802,-1.4199510929897652,-40.24969742933561
974,-2.2958069596925474,2.125838794113176,-0.43204179188620834,-160.98238287270175
975,0.7085825573441817,-0.9814261087681234,-0.3687364104041368,28.397713036788815
976,0.560828198770859,1.1838709625930945,1.762287793949463,112.31512592839562
977,-0.1553915478323007,0.2659785995708687,2.64934668363031,77.97988439153161
978,1.6337413574179478,0.5116215511391665,1.6197019870868932,167.9560241557226
979,0.18232113645132872,0.2727943715613634,0.7802276298185222,36.145736639296246
980,0.95085086294465,-0.8184387720962691,-1.3753772656158756,11.572019732482856
981,1.3835776494609113,-0.8399364087895121,-0.8401250094600281,43.36475074451464
982,1.0444742720872333,1.3056159808109982,-0.4536918581588751,39.9515962035332
983,0.005013432222218438,-0.16915697906068577,0.7559712808226471,5.859849545090224
984,0.3811528121522234,-1.5053641342501818,-1.1454514362889978,-43.62061359216419
985,0.2623293132932231,0.9973168406038455,0.17446016714357274,18.851844200598308
986,0.2916533001545544,1.4568500009473992,1.0968695992888062,70.68112531665727
987,1.3267583620384955,0.16046061527982325,-1.1830142123245126,51.195148635164095
988,0.7050882209471286,1.7339300838928045,0.14777947388307947,90.74341899096775
989,-2.110755935274452,0.1652861565588664,0.6025631701907711,-90.39018801541754
990,-0.5120956875051232,-0.08223136960283943,0.3764158195690711,-20.557037498927418
991,-0.1348581177140164,-0.6728242618163458,-0.07662038927410546,-12.291031433553243
992,-0.7592892984969853,-0.470625823520502,1.2501382794003577,-3.1156765387517122
993,-0.8273146558317854,-1.190509475495019,-0.7964485502501698,-99.79786778217377
994,-0.8279867704998883,0.2844815200786918,0.4243950505077023,-28.194930965136802
995,0.18752015293178603,-0.5656323965915336,-0.41020024996440696,0.7204084134798379
996,-0.44396504887390725,-0.3680029600157848,-0.17814157142612747,-26.34179693577711
997,-0.20429535564372814,-0.3215953034452428,0.015755729375508128,-11.006150251413036
998,0.40943322716467506,0.8028114250297996,-2.6575455139468804,-66.84435749524742
999,1.1372745223722038,-0.5468472609761157,0.07467910212189231,64.53636621211714
