A,B
14684,48811
3792,38276
1871,33368
777,33261
2268,32955
1539,29138
24,28716
123,28649
579,28592
38,28244
2694,27482
525,26676
162,26229
276,25883
128,25851
216,25458
84,25449
492,24939
531,24321
99,23565
189,22958
69,19674
3869,19482
1533,19332
378,18995
1152,18878
1988,18877
2385,18672
819,18647
138,18548
45,18542
51,18488
42,18158
138,17819
69,14837
8,14684
72,14613
453,13977
1749,13929
234,13713
1518,11877
887,9789
387,9465
881,9294
198,9153
728,8844
28244,8766
5463,8679
1692,8319
597,8181
567,7838
1134,7358
861,7245
6,7187
54,7128
213,6657
18,6591
1281,6543
291,6387
78,6252
174,6192
72,6128
117,5786
38,5613
177,5588
198,5585
63,5571
78,5493
38,5463
939,5381
738,5298
183,5217
555,5214
938,5163
987,5136
234,4868
75,4853
24,4845
38,4829
21,4779
114,4728
57,4686
3,4647
57,4557
171,4524
636,4512
93,4497
546,4491
388,4478
117,4448
249,4418
93,4416
264,4385
8319,4298
13929,4289
3783,4284
1874,4238
888,4224
2316,4125
1647,4113
33,3889
186,3889
458,3879
48,3876
2538,3869
519,3867
188,3858
288,3857
159,3851
188,3851
96,3839
432,3833
492,3827
98,3819
174,3798
93,3795
2646,3792
1286,3783
258,3758
945,3714
2855,3681
2589,3672
942,3669
123,3669
33,3668
45,3668
42,3663
192,3648
93,3582
3,3581
96,3561
465,3552
1563,3525
144,3492
1419,3488
546,3471
351,3458
1187,3428
195,3411
696,3389
19674,3386
7358,3386
1419,3386
273,3378
188,3351
1575,3339
1269,3338
9,3336
42,3291
258,3284
12,3281
945,3281
281,3279
33,3279
45,3267
63,3261
66,3255
18,3216
225,3213
198,3195
15,3177
81,3158
24,3141
1119,3123
375,2994
68,2984
315,2982
1895,2982
1563,2976
261,2973
24,2964
3,2946
12,2937
6,2931
33,2916
15,2897
8,2894
21,2888
267,2883
333,2882
33,2879
383,2871
234,2867
231,2865
624,2861
128,2858
312,2858
9153,2855
18548,2837
5588,2831
1782,2828
1572,2828
1383,2816
831,2793
21,2789
141,2784
398,2784
78,2772
3819,2694
786,2679
222,2673
398,2646
159,2646
336,2589
141,2585
639,2565
675,2558
183,2538
288,2489
188,2483
3879,2466
2679,2457
831,2442
1848,2424
3851,2421
3338,2397
999,2385
255,2379
72,2378
182,2376
81,2343
321,2343
117,2325
27,2319
177,2316
576,2316
2976,2298
582,2283
2397,2268
945,2256
411,2256
1314,2244
267,2232
1885,2229
27482,2211
8181,2184
2489,2178
693,2178
591,2172
1841,2163
638,2148
9,2148
111,2136
291,2133
39,2121
1568,1988
336,1988
68,1983
144,1977
138,1968
132,1959
51,1935
276,1917
255,1914
51,1898
128,1898
48,1895
2466,1888
975,1888
294,1886
681,1885
1146,1885
843,1878
528,1874
93,1871
38,1871
33,1869
38,1863
188,1862
45,1857
3,1856
63,1856
383,1848
888,1847
138,1841
753,1841
423,1839
248,1838
612,1829
117,1828
441,1824
11877,1823
13713,1814
4298,1814
1389,1812
1288,1791
864,1788
519,1787
24,1782
98,1779
231,1776
54,1761
2784,1761
552,1758
141,1755
279,1749
141,1748
246,1734
182,1731
426,1725
548,1719
158,1698
287,1695
75,1692
3827,1692
1914,1688
579,1685
1335,1685
1839,1682
2172,1682
873,1668
216,1665
72,1665
72,1659
72,1647
294,1644
78,1629
18,1629
198,1628
688,1626
2565,1614
471,1611
2897,1599
989,1588
482,1575
1286,1575
216,1572
576,1569
28592,1568
18158,1566
3889,1563
867,1563
582,1557
675,1557
375,1539
9,1539
75,1536
216,1536
36,1533
2867,1527
483,1521
138,1518
198,1497
114,1494
168,1494
78,1491
327,1481
327,1478
98,1476
141,1473
54,1461
1788,1449
1328,1446
368,1443
968,1437
1665,1434
1761,1428
522,1428
126,1425
42,1419
45,1419
33,1416
195,1413
68,1398
6,1395
129,1395
399,1392
1863,1392
249,1392
1614,1389
543,1388
288,1386
744,1386
158,1383
417,1382
14613,1377
17819,1371
5381,1365
1659,1358
1478,1356
1494,1347
855,1347
24,1338
159,1335
459,1332
75,1329
3386,1328
744,1328
153,1323
312,1323
153,1323
354,1317
135,1314
584,1311
686,1298
144,1293
281,1288
185,1288
2973,1287
2828,1286
698,1286
1338,1286
2931,1283
3281,1283
1871,1283
252,1281
81,1278
99,1275
69,1269
333,1268
188,1268
27,1257
284,1257
636,1251
2871,1239
531,1239
2343,1238
1814,1236
689,1233
1629,1224
267,1221
645,1194
25449,1187
9294,1187
3889,1182
978,1179
696,1179
1977,1178
1386,1176
18,1173
162,1167
411,1167
48,1167
2858,1161
444,1152
128,1146
248,1143
99,1134
141,1134
69,1131
351,1128
398,1125
66,1119
135,1118
66,1118
1898,1113
1856,999
114,993
939,989
1118,989
1719,987
783,983
75,981
15,981
33,978
24,975
114,969
68,968
8,968
54,966
441,963
846,963
84,954
762,948
357,945
213,945
668,945
159,942
482,939
13977,939
22958,938
4845,938
1311,938
1167,936
1761,936
1187,936
36,936
99,936
522,936
68,933
3216,927
675,927
165,924
276,921
147,918
383,918
123,918
638,912
581,897
162,894
234,894
96,888
3714,888
2178,888
855,887
1328,887
3648,887
4418,885
848,885
315,884
114,882
99,881
99,881
459,879
126,878
33,873
388,867
558,867
3681,864
738,864
2946,861
1395,861
768,858
1988,858
389,858
879,858
38276,855
8679,855
1734,849
414,848
165,848
597,846
357,846
12,846
72,843
159,843
18,837
1476,834
273,831
78,831
144,828
81,828
48,825
57,819
386,818
327,818
48,818
111,816
36,816
1395,816
729,816
78,813
651,795
1494,792
1824,789
423,788
69,788
33,786
21,786
15,785
66,785
21,783
8,783
45,783
312,782
966,782
111,777
858,774
368,774
281,768
564,768
98,765
369,762
18995,759
23565,753
6128,747
1878,747
1698,747
3141,744
2136,744
42,741
189,741
774,741
93,741
3798,738
849,738
287,738
372,738
168,738
396,735
135,732
675,732
564,732
177,729
258,729
126,729
4289,728
2585,728
894,728
1688,728
3261,726
4385,714
1283,714
318,714
99,714
111,711
185,711
518,711
168,711
33,699
312,699
687,698
3561,698
711,698
2858,696
1392,696
788,693
2879,693
378,689
912,689
33261,688
2894,688
648,688
158,688
182,688
396,687
276,687
8,687
38,686
93,684
15,684
384,684
69,681
38,681
54,681
27,678
12,678
12,675
93,675
48,675
12,675
21,675
12,675
258,675
183,675
15,672
168,672
435,669
281,668
117,666
36,666
38,666
8,666
3,666
33,663
9,657
8,657
24,657
84,657
327,651
38,651
388,651
132,651
84,648
147,648
38,648
114,645
2994,645
19332,645
4448,645
1332,642
1125,639
2837,639
1481,638
38,638
138,638
468,638
68,638
3389,638
711,636
174,636
383,636
141,636
249,633
99,633
591,633
651,627
153,624
234,624
81,621
3668,618
1857,618
633,618
1221,618
3279,615
3195,612
1888,597
216,597
57,597
81,597
72,594
383,594
182,594
15,591
186,591
531,591
2646,591
414,591
2232,587
918,587
486,587
1668,584
234,584
732,582
26229,582
4238,581
1298,581
398,581
282,581
818,579
549,579
9,579
48,579
284,578
9,578
645,576
174,576
38,576
69,576
36,576
72,576
36,576
96,573
66,573
38,573
36,573
38,567
765,567
518,567
51,567
459,567
423,564
1167,564
213,564
38,561
9,561
6,558
12,555
36,555
21,552
8,552
18,552
287,552
492,549
99,548
396,546
237,546
123,543
198,543
75,543
213,537
6192,537
6591,531
1473,531
423,531
354,531
492,531
264,528
12,528
42,528
171,528
38,525
936,525
171,525
45,525
93,522
39,522
111,522
45,522
281,522
123,519
33,519
78,519
39,519
918,518
684,518
273,518
411,518
618,516
1566,516
288,516
188,513
38,495
42,495
33,492
281,492
57,492
18,492
129,492
177,492
1862,492
282,492
783,489
462,489
288,488
621,488
126,488
222,488
8844,488
2148,488
699,488
195,488
213,488
471,488
336,488
3,488
21,486
111,485
9,485
432,485
132,483
15,483
33,483
21,483
38,483
12,482
36,482
185,482
15,482
38,477
18,477
195,477
285,474
114,474
171,474
396,474
282,474
192,474
38,474
9,474
9,471
9,471
68,471
24,471
8,468
36,468
96,468
284,465
27,465
177,465
153,465
66,465
192,462
51,462
114,462
3255,462
18878,462
4491,462
1392,462
1898,462
2121,459
1413,459
36,459
168,459
581,459
68,459
3857,458
689,458
192,456
318,456
165,453
249,453
87,447
573,444
525,444
123,444
213,444
84,444
3281,441
1791,441
462,441
1329,438
3582,435
3284,435
888,432
198,432
69,432
66,429
68,429
285,428
93,428
15,428
188,428
578,428
2784,426
411,426
2376,423
927,423
587,423
1611,423
261,417
788,417
25851,417
4686,414
1178,414
294,414
237,414
714,414
584,411
9,411
51,411
153,411
18,399
825,399
158,398
33,398
81,398
24,398
98,398
36,398
186,398
111,398
42,396
69,396
21,396
1268,396
471,393
129,393
339,393
276,389
1143,389
219,389
42,389
15,389
9,389
15,388
48,388
27,388
3,388
21,388
135,388
388,387
66,387
237,387
158,386
141,386
312,386
51,386
258,386
6387,386
6543,386
1491,384
488,384
321,384
429,384
237,384
3,383
18,383
168,383
24,383
968,383
231,383
39,383
87,383
36,381
78,381
57,381
183,378
144,378
48,378
57,378
39,378
948,375
687,375
267,375
428,375
581,375
1588,375
324,372
117,372
33,372
48,372
33,369
188,369
45,369
18,368
117,368
281,368
1239,368
318,366
921,366
519,366
267,363
522,363
99,357
284,357
8766,357
1118,357
345,357
96,354
75,354
225,354
156,354
8,354
9,351
63,351
9,351
228,351
84,351
15,351
24,351
12,351
9,351
6,351
21,351
38,348
9,348
18,345
6,345
123,342
153,342
54,342
99,342
132,342
162,342
117,339
21,338
15,338
8,338
3,336
21,336
9,336
3,336
12,336
51,336
72,333
15,333
68,333
78,333
36,333
57,333
33,333
99,327
1629,327
18672,327
4478,327
1425,327
1233,327
2298,327
1575,327
39,327
186,324
581,324
57,324
3177,321
645,321
168,321
351,321
156,321
228,318
99,318
567,318
688,318
138,315
225,315
96,315
3339,315
1758,315
483,315
1275,315
3851,315
2982,315
1814,312
216,312
68,312
87,312
72,312
338,312
185,312
15,312
213,312
594,297
2793,297
488,297
2319,294
954,294
528,294
1725,294
282,294
594,294
25883,291
7245,291
1812,291
426,291
386,291
741,291
474,291
6,291
42,291
222,288
24,288
1885,288
287,288
66,288
66,288
42,288
138,288
36,288
198,288
126,288
42,287
84,287
36,287
1428,287
675,287
159,287
516,287
1179,287
1959,287
315,287
66,287
33,287
15,287
18,287
63,285
33,285
8,285
33,285
218,284
578,284
99,284
474,284
351,284
195,284
477,284
57,284
428,284
9789,284
5217,282
1224,282
345,282
252,282
468,282
288,282
6,282
24,282
158,281
21,281
861,281
186,281
33,281
75,281
36,281
69,281
54,281
192,281
132,281
39,281
42,281
27,281
714,281
648,279
276,279
369,278
398,278
1823,278
188,278
84,278
21,276
38,276
27,276
156,276
42,276
18,276
99,276
147,276
1886,276
231,273
858,273
363,273
222,273
378,273
93,273
168,273
7838,273
516,273
258,267
68,267
51,267
135,267
84,267
8,267
6,267
45,267
6,264
117,264
27,264
9,264
9,264
3,264
12,264
6,264
18,264
24,264
3,261
6,261
8,261
78,261
51,261
12,258
36,258
93,258
8,258
48,258
12,258
9,258
8,258
8,258
18,258
3,258
8,258
15,255
48,255
69,255
6,255
63,255
63,255
18,255
93,255
18,252
12,252
885,252
18488,252
4497,249
1358,249
1131,249
2184,249
1521,249
33,249
168,249
462,249
68,249
3158,248
666,248
189,248
315,248
162,248
228,248
98,248
552,246
579,246
147,246
222,243
87,243
3279,243
1731,243
474,243
1257,243
3581,243
3386,237
963,237
287,237
69,237
72,237
63,237
249,237
182,237
9,237
144,234
576,234
2421,234
393,234
2831,234
816,234
459,234
1497,234
225,234
738,234
25458,234
2789,234
848,234
216,234
188,234
387,231
219,231
3,231
45,231
128,231
12,231
488,231
111,231
15,231
39,228
6,228
36,228
21,228
81,228
75,228
3,228
18,228
18,225
675,225
249,225
21,225
228,225
198,225
887,225
158,225
18,225
8,225
3,225
12,225
24,225
3,225
8,225
21,222
188,222
255,222
42,222
216,222
132,222
75,222
192,222
42,222
114,219
3876,219
18542,219
2256,219
666,219
573,219
1829,219
669,218
15,218
39,218
386,218
33,218
1599,218
315,216
72,216
156,216
75,216
171,216
78,216
327,216
218,216
72,216
128,216
57,216
1569,216
1283,216
465,216
738,216
963,216
2816,216
462,216
153,216
51,213
57,213
42,213
282,213
78,213
27,213
188,213
278,213
1779,213
384,213
1398,213
738,213
429,213
858,213
188,213
414,198
14837,198
3839,198
785,198
219,198
162,198
414,198
282,198
6,198
45,198
84,198
12,198
537,198
186,198
38,198
36,198
21,195
39,195
38,195
45,195
99,195
38,195
21,195
38,195
428,195
348,195
75,195
273,195
225,195
828,192
192,192
39,192
15,192
3,192
18,192
57,192
21,192
3,192
36,192
132,192
383,192
98,192
216,189
132,189
39,189
258,189
45,189
182,189
4125,189
29138,188
7128,188
2861,188
1692,188
3386,188
2211,188
48,188
216,188
837,188
96,188
4728,188
936,188
255,188
488,188
222,188
399,188
162,188
936,188
792,188
195,188
351,188
129,188
5136,188
2883,188
897,188
1983,188
4524,188
5298,186
1428,186
351,186
114,186
129,186
185,186
516,186
165,186
33,186
321,186
867,186
4224,185
732,185
3492,185
1628,185
938,185
2378,185
417,185
1179,185
48811,185
576,185
98,185
24,185
6,185
24,185
9,183
8,183
8,183
15,183
3,183
78,183
9,183
8,183
12,183
12,183
8,183
3,183
24,183
8,183
9,182
12,182
6,182
48,182
27,182
6,182
21,182
114,182
234,182
42,182
9,182
3,182
8,182
3,182
8,182
8,182
3,182
8,182
12,182
15,177
15,177
8,177
21,177
9,177
12,177
6,177
27,177
699,177
3213,177
993,177
231,177
128,177
342,174
222,174
3,174
24,174
96,174
9,174
597,174
165,174
39,174
39,174
21,174
51,174
24,174
129,171
81,171
9,171
39,171
18,171
747,171
378,171
72,171
383,171
398,171
639,171
144,171
51,168
18,168
21,168
9,168
38,168
6,168
8,168
24,168
99,168
441,168
96,168
351,165
135,165
111,165
287,165
39,165
174,165
4557,165
2244,165
768,165
249,165
219,165
663,162
518,162
3,162
33,162
117,162
12,162
477,162
87,162
27,162
45,162
27,162
45,162
21,162
114,162
63,162
9,159
36,159
15,159
366,159
264,159
45,159
216,159
342,159
234,159
144,159
36,159
6,159
12,159
12,159
33,159
21,158
8,158
15,158
129,158
381,158
75,158
389,158
153,158
75,158
66,158
18,158
72,158
3488,158
846,158
255,156
51,156
21,156
237,156
284,156
8,156
3,156
38,156
6,156
287,156
66,156
3,156
42,156
9,153
8,153
9,153
42,153
3,153
12,153
21,153
6,153
111,153
48,153
8,153
45,153
42,153
126,153
54,147
12,147
3,147
8,147
6,147
9,147
8,147
3,147
9,147
45,147
87,147
9,144
81,144
66,144
39,144
42,144
12,144
15,144
1176,144
1134,144
126,144
33,144
6,144
12,144
8,144
8,144
3,144
12,144
3,144
147,144
48,141
3,141
3,141
15,141
12,141
3,141
54,141
8,141
6,141
6,141
9,141
183,141
93,141
33,141
68,141
225,141
287,141
48,141
9,141
3,138
8,138
6,138
9,138
3,138
8,138
9,138
12,138
39,138
15,138
27,138
68,138
45,138
141,138
24,138
27,138
1382,138
384,138
78,135
18,135
12,135
33,135
27,135
8,135
8,135
6,135
3,135
45,135
18,135
3,135
12,135
8,135
8,135
9,135
8,135
8,135
8,135
6,135
3,135
66,132
68,132
15,132
42,132
15,132
66,132
27,132
12,132
8,132
3,132
6,132
6,132
3,132
8,132
6,132
12,132
18,132
18,132
3,129
24,129
9,129
45,129
6,129
39,129
492,129
531,129
63,129
24,129
15,129
45,129
45,129
8,129
8,129
8,129
3,129
51,128
3,128
8,128
12,128
8,128
3,128
3,128
12,128
9,128
3,128
9,126
8,126
188,126
72,126
27,126
42,126
63,126
66,126
45,126
9,126
8,126
8,126
6,126
3,126
8,126
8,126
6,126
12,126
39,123
15,123
27,123
27,123
15,123
45,123
6,123
12,123
633,123
684,123
168,123
45,123
18,123
132,123
123,117
8,117
8,117
12,117
3,117
185,117
45,117
15,117
9,117
9,117
8,117
3,117
6,117
6,117
3,117
6,117
3,117
51,117
114,117
12,117
99,117
93,117
3,117
84,117
12,117
8,117
3,114
6,114
3,114
3,114
3,114
8,114
45,114
126,114
42,114
87,114
57,114
24,114
33,114
6,114
15,114
918,114
28649,114
5214,114
1527,114
1323,114
2483,114
1682,114
36,114
138,114
638,114
72,114
3471,114
636,111
195,111
324,111
162,111
315,111
117,111
681,111
618,111
162,111
258,111
87,111
3525,111
2163,111
711,111
1449,111
3351,111
2916,111
1828,111
243,111
75,111
93,111
72,111
417,111
126,111
38,99
264,99
638,99
3552,99
591,99
2964,99
1238,99
675,99
1748,99
338,99
882,99
28716,99
4284,99
989,99
288,99
225,99
336,99
216,99
12,99
33,99
72,99
18,99
594,99
96,99
33,99
87,99
24,99
48,99
24,98
111,98
111,98
21,98
39,98
15,98
885,98
393,98
84,98
386,98
492,98
1347,98
192,98
39,98
12,98
15,98
9,98
63,98
27,98
3,98
36,98
98,98
291,98
81,98
216,98
213,98
117,98
384,98
54,98
177,98
5786,98
657,98
156,98
54,98
27,98
159,96
141,96
8,96
9,96
9,96
3,96
185,96
45,96
9,96
8,96
8,96
3,96
6,96
15,96
24,96
8,96
6,96
6,96
66,96
51,96
15,96
36,96
78,96
128,96
57,96
3,96
8,96
8,96
3,93
8,93
8,93
8,93
8,93
39,93
99,93
12,93
98,93
27,93
9,93
38,93
6,93
24,93
894,93
483,93
287,93
78,93
42,93
69,93
24,93
3,93
12,93
27,93
3,93
188,93
21,93
6,93
6,93
3,93
15,93
12,93
15,93
21,87
9,87
3,87
3,87
69,87
57,87
15,87
42,87
111,87
39,87
51,87
9,87
8,87
8,87
6,87
12,87
3,87
8,87
9,87
27,87
63,87
6,84
68,84
54,84
6,84
81,84
21,84
38,84
818,84
1443,84
273,84
78,84
72,84
138,84
78,84
3,84
38,84
27,84
6,84
195,84
51,84
8,84
15,84
9,84
21,84
9,84
12,84
51,84
15,84
15,84
15,84
186,84
162,84
38,81
132,81
117,81
348,81
111,81
9,81
3,81
8,81
3,81
39,81
12,81
3,81
24,81
54,81
141,81
57,81
98,81
38,81
33,81
218,81
15,81
51,81
1869,81
447,81
153,81
38,81
18,81
188,81
75,81
8,81
8,81
33,81
3,81
96,81
33,81
9,81
21,81
8,81
6,81
9,78
6,78
8,78
9,78
6,78
3,78
15,78
39,78
15,78
24,78
15,78
225,78
12,78
9,78
3,78
8,78
3,78
6,78
3,78
8,78
6,78
38,78
24,78
12,78
15,78
6,78
15,78
18,78
6,78
12,78
651,78
492,78
57,75
9,75
6,75
39,75
24,75
8,75
3,75
12,75
3,75
81,75
57,75
3,75
3,75
3,75
8,75
3,75
8,75
8,75
3,75
9,75
6,75
93,75
81,75
8,75
81,75
8,75
281,75
18,75
15,75
6,75
3,75
3,75
3,75
3,75
3,75
8,75
3,75
18,75
18,75
8,75
8,75
8,75
8,75
8,72
8,72
564,72
1539,72
237,72
81,72
57,72
78,72
24,72
8,72
12,72
42,72
6,72
195,72
57,72
12,72
39,72
12,72
15,72
15,72
33,72
3,72
12,72
3,72
9,72
258,72
135,72
18,72
117,72
324,72
444,72
68,72
6,72
8,72
8,72
3,72
24,72
9,72
8,72
15,72
15,72
48,72
12,72
39,72
68,72
24,72
162,72
15,72
42,72
1917,69
528,69
141,69
45,69
15,69
225,69
177,69
8,69
6,69
45,69
3,69
63,69
33,69
8,69
12,69
8,69
3,69
3,69
15,69
8,69
8,69
3,69
6,69
75,69
39,69
12,69
24,69
72,69
15,69
6,69
8,69
8,69
8,68
8,68
3,68
8,68
8,68
6,68
12,68
27,68
8,68
27,68
21,68
21,68
96,68
9,68
27,68
729,68
1838,68
195,68
51,68
38,68
141,68
182,68
3,68
15,68
21,68
6,68
72,68
12,68
3,68
12,68
8,68
3,68
9,68
38,68
8,68
6,68
8,68
12,68
327,68
129,68
27,68
182,66
69,66
186,66
287,66
6,66
8,66
8,66
3,66
8,66
8,66
8,66
8,66
38,66
18,66
9,66
12,66
15,66
8,66
18,66
15,66
63,66
1317,66
174,66
48,66
18,66
18,66
3,66
8,66
8,66
3,66
8,66
3,66
21,66
3,66
8,66
3,66
8,66
15,66
8,66
3,66
8,66
8,66
8,66
3,66
48,66
51,63
8,63
51,63
15,63
6,63
9,63
12,63
3,63
8,63
6,63
3,63
8,63
8,63
6,63
21,63
18,63
18,63
3,63
8,63
3,63
24,63
8,63
12,63
261,63
846,63
234,63
78,63
42,63
198,63
111,63
6,63
39,63
42,63
9,63
249,63
75,63
3,57
6,57
12,57
24,57
38,57
45,57
45,57
6,57
6,57
12,57
192,57
57,57
3,57
54,57
84,57
159,57
68,57
3,57
8,57
8,57
8,57
3,57
8,57
8,57
6,57
9,57
27,57
8,57
38,57
24,57
8,57
33,57
9,57
63,57
1288,57
543,57
128,57
24,57
24,57
24,57
21,57
8,57
8,57
3,57
8,57
66,57
9,57
8,57
8,57
3,57
24,57
6,57
15,57
8,57
15,57
8,57
3,57
51,54
18,54
12,54
3,54
114,54
165,54
38,54
3,54
8,54
8,54
8,54
15,54
3,54
8,54
12,54
38,54
81,54
3,54
81,54
15,54
3,54
39,54
8,54
54,54
714,54
291,54
81,54
21,54
9,54
3,54
8,54
8,54
3,54
8,54
3,54
66,54
12,54
6,51
3,51
3,51
21,51
6,51
3,51
8,51
9,51
8,51
8,51
8,51
75,51
8,51
72,51
8,51
57,51
12,51
15,51
12,51
8,51
3,51
12,51
3,51
8,51
9,51
15,51
69,51
45,51
27,51
12,51
15,51
24,51
6,51
12,51
482,51
372,51
81,51
21,51
18,51
72,51
66,51
8,51
3,51
3,51
3,51
75,51
24,51
8,48
6,48
3,48
9,48
15,48
3,48
8,48
6,48
9,48
8,48
21,48
66,48
8,48
63,48
12,48
63,48
57,48
9,48
3,48
3,48
3,48
8,48
3,48
8,48
8,48
6,48
63,48
12,48
51,48
3,48
6,48
15,48
6,48
12,48
495,48
1536,48
485,48
114,48
96,48
135,48
98,48
8,48
9,48
39,48
3,48
291,48
117,48
27,45
3,45
15,45
18,45
18,45
6,45
45,45
18,45
21,45
12,45
132,45
386,45
45,45
258,45
84,45
465,45
111,45
38,45
12,45
3,45
12,45
36,45
15,45
3,45
18,45
84,45
177,45
63,45
114,45
81,45
24,45
114,45
18,45
39,45
2148,45
186,45
72,45
15,45
12,45
3,45
8,45
8,45
3,45
8,45
8,45
54,45
27,45
12,45
8,45
8,45
12,45
8,45
8,45
8,45
6,45
8,45
8,45
8,45
84,45
8,45
81,45
15,45
9,45
6,45
18,45
12,45
8,45
3,45
3,45
3,45
8,45
3,45
21,45
54,45
38,42
27,42
3,42
3,42
8,42
3,42
8,42
285,42
591,42
141,42
39,42
36,42
72,42
45,42
3,42
15,42
9,42
8,42
84,42
38,42
12,42
6,42
8,42
15,42
6,42
6,42
3,42
6,42
8,42
9,42
8,42
132,42
38,42
182,42
84,42
123,42
51,42
15,42
6,42
8,42
6,42
24,42
15,42
3,42
9,42
54,42
57,42
33,42
27,42
18,42
12,42
42,42
6,42
12,42
887,42
983,42
198,42
51,42
39,42
12,42
8,42
8,42
3,42
9,42
3,42
123,42
45,42
6,42
38,39
9,39
12,39
3,39
3,39
12,39
8,39
6,39
6,39
38,39
84,39
8,39
81,39
123,39
522,39
38,39
3,39
8,39
8,39
3,39
24,39
9,39
8,39
15,39
3,39
68,39
21,39
42,39
39,39
24,39
66,39
18,39
15,39
1194,39
552,39
141,39
21,39
27,39
42,39
3,39
8,39
12,39
38,39
3,39
81,39
24,39
3,39
9,39
8,39
3,39
12,39
21,39
3,39
3,39
3,39
3,39
8,39
42,39
8,39
39,39
72,39
389,39
45,39
9,39
3,39
8,39
3,39
6,39
3,39
8,39
6,39
21,39
15,39
15,39
3,38
15,38
9,38
54,38
6,38
8,38
741,38
2424,38
618,38
198,38
138,38
488,38
294,38
9,38
39,38
66,38
9,38
428,38
144,38
38,38
15,38
24,38
27,38
27,38
24,38
84,38
24,38
18,38
27,38
414,38
234,38
72,38
162,38
276,38
465,38
117,38
21,38
6,38
8,38
12,38
54,38
21,38
3,38
33,38
93,38
267,38
72,38
195,38
111,38
48,38
264,38
39,38
188,38
3378,38
591,38
99,38
33,38
15,38
51,38
33,38
8,38
9,38
9,38
3,38
72,38
42,38
8,38
12,38
8,38
3,38
8,38
3,38
8,38
9,38
6,38
3,38
68,38
128,38
12,38
185,38
15,38
219,38
57,38
6,38
8,38
8,38
3,38
6,38
3,38
8,38
6,38
21,38
39,38
12,38
38,38
21,38
12,38
15,38
3,36
12,36
741,36
368,36
45,36
18,36
9,36
57,36
42,36
8,36
8,36
15,36
3,36
66,36
15,36
8,36
12,36
3,36
3,36
3,36
15,36
12,36
8,36
6,36
3,36
15,36
39,36
8,36
36,36
8,36
114,36
36,36
9,36
3,36
3,36
8,36
3,36
3,36
8,36
8,36
15,36
3,36
8,36
3,36
12,36
3,36
45,36
8,36
8,36
435,36
261,36
38,36
9,36
9,36
33,36
21,36
8,36
3,36
9,36
3,36
24,36
9,36
8,36
6,36
8,36
3,36
8,36
8,36
8,33
8,33
3,33
8,33
48,33
68,33
8,33
68,33
15,33
12,33
36,33
6,33
3,33
8,33
3,33
8,33
8,33
8,33
8,33
21,33
6,33
9,33
8,33
21,33
8,33
12,33
8,33
8,33
386,33
57,33
12,33
8,33
8,33
8,33
8,33
8,33
8,33
8,33
3,33
3,33
8,33
8,33
8,33
8,33
3,33
8,33
8,33
8,33
8,33
8,33
8,33
8,33
21,33
8,33
18,33
8,33
8,33
27,33
6,33
3,33
8,33
8,33
8,33
8,33
8,33
8,33
8,33
8,33
8,33
8,33
9,33
3,33
8,33
8,33
8,33
69,33
228,33
42,33
12,33
3,33
15,33
6,33
8,33
8,33
9,33
3,33
42,27
38,27
8,27
3,27
8,27
8,27
8,27
3,27
8,27
8,27
9,27
3,27
8,27
21,27
8,27
18,27
8,27
147,27
8,27
9,27
3,27
3,27
8,27
8,27
8,27
8,27
8,27
12,27
9,27
9,27
3,27
8,27
3,27
15,27
3,27
8,27
288,27
3,27
8,27
8,27
3,27
8,27
8,27
8,27
8,27
8,27
8,27
8,27
8,27
8,27
8,27
8,27
8,27
8,27
8,27
8,27
8,27
8,27
8,27
8,27
8,27
8,27
8,27
8,27
8,27
8,27
3,27
8,27
8,27
8,27
8,27
8,27
8,27
8,27
8,27
8,27
8,27
8,27
8,27
8,27
8,27
8,27
8,27
6,27
21,27
15,27
8,27
8,27
8,27
8,27
8,27
8,27
8,27
8,27
8,27
8,27
8,27
8,27
8,27
8,27
8,27
8,27
8,27
8,27
8,27
8,27
8,24
8,24
8,24
8,24
12,24
8,24
18,24
3,24
8,24
8,24
8,24
8,24
8,24
8,24
8,24
8,24
8,24
8,24
8,24
3,24
8,24
8,24
8,24
8,24
39,24
153,24
39,24
15,24
9,24
8,24
8,24
8,24
8,24
8,24
8,24
18,24
8,24
8,24
3,24
8,24
3,24
3,24
8,24
9,24
3,24
8,24
8,24
68,24
69,24
12,24
54,24
8,24
6,24
9,24
3,24
8,24
8,24
3,24
8,24
3,24
8,24
8,24
12,24
3,24
6,24
3,24
8,24
12,24
12,24
8,24
8,24
213,24
638,24
68,24
21,24
12,24
45,24
21,24
8,24
9,24
15,24
8,24
75,24
21,24
3,24
18,24
3,24
9,24
8,24
15,24
8,24
9,24
8,24
3,24
12,24
45,24
15,24
38,24
135,24
177,24
42,24
3,24
8,24
8,24
8,24
9,21
6,21
8,21
6,21
15,21
27,21
8,21
38,21
18,21
12,21
75,21
8,21
27,21
729,21
281,21
45,21
12,21
6,21
38,21
38,21
8,21
8,21
8,21
3,21
33,21
21,21
8,21
6,21
8,21
8,21
8,21
8,21
8,21
3,21
3,21
8,21
8,21
51,21
8,21
48,21
45,21
6,21
48,21
6,21
3,21
8,21
8,21
3,21
3,21
8,21
8,21
21,21
3,21
3,21
3,21
8,21
3,21
9,21
8,21
8,21
264,21
69,21
8,21
3,21
8,21
8,21
8,21
8,21
8,21
8,21
3,21
8,21
8,21
8,21
8,21
8,21
8,21
8,21
8,21
8,21
8,21
8,21
8,21
45,21
21,21
8,21
18,21
8,21
8,21
8,21
3,21
8,21
8,21
8,21
8,21
8,21
8,21
8,21
8,21
8,21
8,21
8,21
8,21
8,21
8,21
8,21
8,21
75,21
156,21
12,21
3,21
3,21
8,21
8,21
8,21
8,21
8,21
8,21
3,21
8,21
8,21
8,21
8,21
8,21
8,21
8,21
8,21
3,21
8,21
8,21
8,21
8,21
8,21
8,21
12,21
114,21
36,21
3,21
8,21
8,21
8,21
8,21
8,21
8,21
8,21
8,21
8,21
8,21
3,21
8,21
8,21
8,21
8,18
8,18
174,18
75,18
9,18
3,18
3,18
3,18
8,18
8,18
3,18
8,18
3,18
9,18
9,18
8,18
3,18
8,18
8,18
8,18
8,18
8,18
8,18
8,18
8,18
8,18
21,18
8,18
21,18
8,18
8,18
27,18
8,18
8,18
8,18
8,18
8,18
8,18
8,18
8,18
12,18
8,18
8,18
8,18
8,18
9,18
8,18
8,18
8,18
98,18
144,18
6,18
6,18
3,18
18,18
9,18
8,18
8,18
9,18
3,18
9,18
8,18
8,18
8,18
8,18
8,18
8,18
8,18
8,18
3,18
3,18
8,18
8,18
42,18
8,18
39,18
8,18
57,18
18,18
6,18
8,18
3,18
8,18
8,18
8,18
8,18
8,18
8,18
6,18
9,18
8,18
8,18
8,18
8,18
8,18
8,18
159,18
171,18
8,18
3,18
8,18
6,18
8,18
8,18
8,18
9,18
3,18
38,18
38,18
8,18
8,18
8,18
8,18
8,18
8,18
8,18
8,18
8,18
8,18
8,18
21,18
8,18
18,18
8,18
57,18
36,18
9,18
3,18
3,18
8,18
8,18
8,18
8,18
8,18
12,15
8,15
8,15
8,15
8,15
8,15
8,15
8,15
8,15
174,15
222,15
36,15
12,15
6,15
24,15
21,15
8,15
3,15
8,15
8,15
27,15
12,15
8,15
3,15
8,15
3,15
3,15
3,15
8,15
6,15
6,15
3,15
45,15
42,15
8,15
39,15
8,15
21,15
3,15
8,15
8,15
8,15
8,15
8,15
8,15
8,15
8,15
12,15
27,15
8,15
27,15
8,15
15,15
45,15
8,15
8,15
276,15
459,15
98,15
38,15
21,15
39,15
21,15
8,15
9,15
9,15
8,15
51,15
3,15
8,15
9,15
8,15
9,15
6,15
15,15
9,15
8,15
8,15
3,15
38,15
57,15
8,15
54,15
185,15
135,15
27,15
6,15
3,15
8,15
3,15
9,15
6,15
8,15
6,15
3,15
3,15
3,15
3,15
42,15
3,15
54,15
8,15
27,15
688,15
1776,15
438,15
99,15
63,15
188,15
188,15
6,15
18,15
48,15
3,15
234,15
93,15
12,15
3,15
15,15
12,15
15,15
15,15
33,15
15,15
18,15
18,15
234,15
248,15
27,15
213,15
192,15
537,15
57,15
18,15
6,15
8,15
9,15
21,15
6,15
8,15
15,15
57,15
213,15
51,15
165,15
51,15
18,15
218,15
27,15
63,15
2379,15
216,15
75,15
12,15
6,15
18,15
9,15
8,15
9,15
3,15
3,15
81,15
48,15
8,15
6,15
3,15
8,15
9,15
8,15
9,15
3,15
8,15
8,15
15,15
69,15
8,15
69,15
8,15
12,15
39,15
8,15
8,15
8,15
8,15
12,15
3,15
8,15
12,15
8,15
9,15
12,15
3,15
18,15
6,15
8,15
3,15
12,15
389,15
51,12
9,12
15,12
9,12
8,12
8,12
8,12
8,12
8,12
3,12
3,12
8,12
8,12
8,12
8,12
8,12
3,12
8,12
8,12
8,12
8,12
8,12
3,12
3,12
3,12
8,12
8,12
8,12
8,12
3,12
8,12
8,12
8,12
15,12
8,12
8,12
15,12
15,12
15,12
6,12
9,12
18,12
3,12
8,12
8,12
8,12
81,12
57,12
9,12
12,12
9,12
8,12
8,12
8,12
8,12
8,12
3,12
12,12
3,12
8,12
8,12
8,12
3,12
6,12
8,12
8,12
3,12
8,12
8,12
3,12
3,12
8,12
8,12
8,12
3,12
8,12
3,12
3,12
8,12
8,12
12,12
3,12
8,12
9,12
12,12
27,12
3,12
27,12
8,12
3,12
8,12
8,12
8,12
87,12
321,12
93,12
39,12
66,12
36,12
24,12
8,12
3,12
9,12
6,12
45,12
21,12
3,12
3,12
8,12
9,12
8,12
3,12
3,12
3,12
8,12
6,12
18,12
185,12
42,12
63,12
72,12
78,12
24,12
6,12
8,12
8,12
3,12
9,12
3,12
8,12
6,12
8,12
36,12
9,12
38,12
36,12
6,12
3,12
3,12
24,12
519,12
156,12
57,12
15,12
15,12
9,12
8,12
8,12
8,12
12,12
3,12
24,12
9,12
3,12
8,12
8,12
3,12
8,12
6,12
8,12
3,12
8,12
8,12
48,12
3,12
8,12
8,12
3,12
21,12
9,12
9,12
3,12
8,12
3,12
15,12
3,12
3,12
12,12
15,12
54,12
38,12
27,12
8,12
6,12
8,12
3,12
12,12
243,12
368,12
69,12
27,12
18,12
42,12
21,12
8,12
12,12
12,12
3,12
69,12
33,12
9,12
8,12
6,12
6,12
8,12
3,12
8,12
6,12
6,12
8,12
66,12
33,12
8,12
38,12
8,12
81,12
75,12
3,12
8,12
8,12
8,12
9,12
3,12
8,12
6,12
39,12
9,12
9,12
3,12
8,12
9,12
18,12
8,12
12,12
474,12
1347,12
189,12
72,12
36,12
267,12
231,12
3,12
15,12
21,12
8,12
198,12
57,12
6,12
38,12
3,12
18,12
12,12
18,12
48,12
6,12
8,12
9,12
171,12
63,12
15,12
45,12
72,12
398,12
129,12
3,12
8,12
8,12
8,12
15,12
6,12
3,12
9,9
48,9
9,9
6,9
6,9
42,9
33,9
135,9
18,9
38,9
1644,9
7187,9
2343,9
672,9
522,9
1434,9
936,9
18,9
141,9
342,9
27,9
1392,9
333,9
81,9
171,9
72,9
182,9
51,9
237,9
225,9
36,9
81,9
68,9
1935,9
681,9
129,9
552,9
638,9
1287,9
579,9
93,9
33,9
21,9
36,9
96,9
54,9
3,9
42,9
366,9
782,9
144,9
561,9
288,9
165,9
462,9
87,9
354,9
18647,9
24939,9
5493,9
1682,9
1323,9
2283,9
1557,9
36,9
117,9
573,9
81,9
3867,9
786,9
284,9
333,9
174,9
336,9
141,9
747,9
666,9
189,9
288,9
182,9
3663,9
2558,9
843,9
1787,9
4829,9
4779,9
1841,9
297,9
96,9
111,9
84,9
477,9
135,9
33,9
312,9
633,9
3795,9
675,9
3123,9
1461,9
818,9
2178,9
375,9
938,9
33368,9
627,9
72,9
15,9
6,9
21,9
9,9
8,9
3,9
9,9
3,9
138,9
72,9
8,9
21,9
9,9
8,9
3,9
24,9
8,9
6,9
3,9
3,9
8,9
33,9
12,9
18,9
183,9
198,9
21,9
6,9
3,9
8,9
3,9
3,9
3,9
8,9
8,9
21,9
27,9
18,9
12,9
36,9
3,9
12,9
8,9
8,9
728,9
462,9
68,9
3,9
3,9
9,9
9,9
8,9
8,9
8,9
8,9
39,9
9,9
3,9
3,9
8,9
3,9
3,9
12,9
8,9
3,9
3,9
3,9
57,9
15,9
12,9
8,9
98,9
183,9
3,9
3,9
8,9
8,9
3,9
8,9
8,9
8,9
8,9
8,9
69,9
9,9
63,9
33,9
8,9
6,9
8,9
12,9
528,9
381,9
84,9
3,9
3,9
27,9
27,9
8,9
8,9
8,9
3,9
21,9
9,9
8,9
3,9
8,9
3,9
8,9
8,9
3,9
8,9
3,9
8,9
182,9
12,9
12,9
8,9
8,9
192,9
3,9
3,9
8,9
8,9
3,9
8,9
8,9
8,9
8,9
12,9
18,9
9,9
12,9
39,9
6,9
9,9
6,9
12,9
471,9
759,9
84,9
15,9
6,9
36,9
27,9
8,9
8,9
9,9
3,9
98,9
51,9
3,9
9,9
8,9
3,9
3,9
12,9
8,9
3,9
3,9
3,9
135,9
42,9
8,9
39,9
98,9
264,9
6,9
6,8
3,8
8,8
8,8
8,8
8,8
8,8
3,8
12,8
69,8
9,8
63,8
57,8
9,8
9,8
12,8
15,8
864,8
567,8
185,8
24,8
12,8
38,8
3,8
8,8
3,8
27,8
6,8
87,8
36,8
8,8
6,8
3,8
8,8
3,8
15,8
9,8
3,8
15,8
8,8
27,8
48,8
3,8
42,8
156,8
183,8
15,8
8,8
8,8
8,8
8,8
8,8
8,8
8,8
8,8
12,8
36,8
8,8
39,8
33,8
21,8
38,8
9,8
12,8
711,8
3458,8
489,8
93,8
36,8
231,8
158,8
8,8
6,8
78,8
6,8
488,8
98,8
15,8
24,8
6,8
18,8
24,8
135,8
51,8
18,8
24,8
15,8
576,8
255,8
81,8
171,8
489,8
858,8
135,8
36,8
21,8
9,8
3,8
36,8
6,8
3,8
38,8
54,8
282,8
66,8
219,8
287,8
81,8
248,8
24,8
129,8
4868,8
19482,8
4647,8
1377,8
1167,8
1968,8
1365,8
27,8
96,8
488,8
66,8
3267,8
615,8
174,8
278,8
158,8
294,8
114,8
642,8
688,8
168,8
248,8
84,8
2984,8
2828,8
732,8
1293,8
3291,8
2982,8
813,8
255,8
98,8
96,8
69,8
488,8
117,8
38,8
264,8
518,8
3336,8
567,8
2772,8
1173,8
693,8
1888,8
388,8
789,8
26676,8
2673,8
444,8
162,8
132,8
218,8
156,8
6,8
18,8
33,8
6,8
264,8
33,8
38,8
45,8
9,8
48,8
15,8
18,8
36,8
12,8
21,8
9,8
459,8
252,8
48,8
284,8
488,8
714,8
132,8
18,8
8,8
9,8
6,8
48,8
15,8
3,8
33,8
93,8
243,8
57,8
192,8
171,8
57,8
198,8
36,8
84,8
3411,8
1128,8
342,8
123,8
182,8
432,8
363,8
8,8
6,8
63,8
6,8
281,8
57,8
9,8
18,8
8,8
12,8
12,8
57,8
27,8
8,8
9,8
3,8
333,8
68,8
15,8
45,8
84,8
144,8
66,8
3,8
8,8
8,8
8,8
6,8
6,8
8,8
8,8
72,8
21,8
6,8
18,8
36,8
33,8
144,8
18,8
27,8
1695,8
2888,8
933,8
237,8
135,8
444,8
249,8
3,8
45,8
147,8
12,8
453,8
69,8
12,8
54,8
12,8
39,8
27,8
182,8
96,8
12,8
38,8
33,8
1286,8
219,8
42,8
177,8
174,8
246,8
587,8
15,8
3,8
3,8
6,8
9,8
3,8
8,8
6,8
111,8
264,8
24,8
243,8
111,8
36,8
87,8
6,8
177,8
4113,8
351,8
228,8
81,8
72,8
15,8
3,8
8,8
8,8
12,8
8,8
81,8
9,8
8,8
6,8
8,8
12,8
8,8
18,8
24,8
6,8
9,8
8,8
39,8
51,8
15,8
33,8
33,8
135,8
24,8
12,8
8,8
3,8
6,8
6,8
8,8
8,8
6,8
38,8
234,8
68,8
177,8
15,8
6,8
24,8
9,8
12,8
735,8
2316,8
927,8
273,8
153,8
678,8
312,8
12,8
135,8
225,8
21,8
728,8
284,8
27,8
126,8
27,8
39,8
33,8
117,8
182,8
12,8
38,8
24,8
816,8
98,8
9,8
81,8
138,8
375,8
195,8
9,8
8,8
3,8
3,8
6,8
8,8
8,8
6,8
68,8
159,8
8,8
159,8
72,8
21,8
114,8
21,8
141,8
3672,8
383,8
213,8
66,8
63,8
93,8
66,8
8,8
3,8
24,8
3,8
57,8
21,8
6,8
8,8
12,8
6,8
8,8
6,8
8,8
3,8
8,8
3,8
18,8
15,8
9,8
6,8
78,8
87,8
15,8
9,8
8,8
8,8
6,8
24,8
3,8
8,8
21,8
69,8
27,8
6,8
24,8
27,8
6,8
68,8
18,8
38,8
645,8
281,8
156,8
15,8
27,8
48,8
45,8
8,8
8,8
3,8
8,8
57,8
12,8
6,8
3,8
3,8
12,8
3,8
6,8
3,8
6,8
8,8
8,8
12,8
38,8
8,8
27,8
27,8
21,8
6,8
9,8
9,8
8,8
8,8
6,8
3,8
8,8
6,8
24,8
68,8
27,8
39,8
3,8
8,8
45,8
12,8
27,8
482,8
1161,8
186,8
57,8
39,8
135,8
98,8
3,8
9,8
33,8
3,8
138,8
45,8
3,8
12,8
9,8
6,8
3,8
24,8
24,8
6,8
3,8
9,8
354,8
63,8
6,8
57,8
45,8
267,8
75,8
27,8
6,8
12,8
6,8
9,8
8,8
8,8
9,8
9,8
144,8
15,8
129,8
36,8
33,8
48,8
12,8
39,8
1446,8
2865,8
1856,8
315,8
273,8
543,8
398,8
6,8
9,8
138,8
6,8
573,8
162,8
45,8
68,8
36,8
51,8
21,8
84,8
45,8
33,8
36,8
21,8
555,8
488,8
72,8
485,8
375,8
698,8
189,8
57,8
24,8
12,8
18,8
57,8
38,8
3,8
27,8
117,8
278,8
98,8
183,8
188,8
72,8
159,8
9,8
156,8
4512,8
45,8
54,8
27,8
33,8
6,8
8,8
8,8
8,8
9,8
8,8
54,8
24,8
6,8
8,8
3,8
9,8
8,8
3,8
6,8
3,8
8,8
8,8
8,8
21,8
3,8
18,8
3,8
3,8
9,8
6,8
3,8
8,8
8,8
6,8
8,8
8,8
6,8
12,8
24,8
21,8
6,8
8,8
6,8
8,8
8,8
3,8
159,8
597,8
234,8
96,8
123,8
183,8
165,8
3,8
9,8
9,8
3,8
75,8
27,8
12,8
3,8
8,8
12,8
3,8
8,8
9,8
6,8
8,8
6,8
98,8
57,8
21,8
36,8
183,8
48,8
45,8
6,8
8,8
8,8
3,8
24,8
15,8
8,8
12,8
36,8
144,8
27,8
117,8
33,8
33,8
54,8
9,8
18,8
1847,8
981,8
336,8
51,8
66,8
159,8
135,8
3,8
6,8
18,8
3,8
135,8
33,8
6,8
12,8
6,8
12,8
6,8
12,8
42,8
3,8
3,8
6,8
182,8
98,8
3,8
84,8
75,8
444,8
38,8
6,8
3,8
8,8
8,8
12,8
12,8
3,8
8,8
45,8
141,8
9,8
132,8
68,8
38,8
48,8
15,8
21,8
1437,8
366,8
78,8
18,8
12,8
27,8
3,8
8,8
3,8
21,8
8,8
48,8
8,8
8,8
3,8
8,8
3,8
8,8
33,8
3,8
3,8
6,8
9,8
3,8
93,8
8,8
93,8
45,8
114,8
42,8
3,8
8,8
8,8
3,8
3,8
8,8
8,8
6,8
9,8
15,8
3,8
15,8
6,8
18,8
27,8
8,8
8,8
474,8
6657,8
2229,8
666,8
525,8
1371,8
924,8
21,8
132,8
294,8
21,8
1278,8
291,8
75,8
158,8
66,8
99,8
57,8
287,8
225,8
42,8
66,8
45,8
1755,8
624,8
158,8
474,8
698,8
969,8
576,8
78,8
27,8
18,8
33,8
93,8
51,8
3,8
42,8
351,8
828,8
144,8
684,8
315,8
158,8
492,8
81,8
354,8
18877,8
513,8
147,8
27,8
12,8
75,8
38,8
8,8
3,8
42,8
8,8
98,8
33,8
8,8
24,8
3,8
8,8
3,8
12,8
6,8
6,8
3,8
3,8
117,8
42,8
8,8
39,8
27,8
216,8
38,8
6,8
3,8
8,8
8,8
3,8
8,8
8,8
6,8
12,8
6,8
6,8
3,8
18,8
12,8
15,8
9,8
12,8
785,8
372,8
98,8
9,8
12,8
54,8
45,8
8,8
3,8
9,8
3,8
75,8
33,8
9,8
18,8
3,8
8,8
3,8
8,8
3,8
8,8
3,8
3,8
117,8
8,8
8,8
8,8
18,8
126,8
15,8
6,8
8,8
3,8
8,8
3,8
8,8
3,8
6,8
15,8
8,8
8,8
3,8
15,8
6,8
15,8
3,8
8,8
483,8
388,8
66,8
15,8
6,8
27,8
6,8
8,8
8,8
21,8
3,8
69,8
21,8
9,8
15,8
3,8
8,8
8,8
12,8
8,8
8,8
9,8
8,8
3,8
21,8
8,8
18,8
8,8
281,8
8,8
9,8
3,8
3,8
8,8
8,8
8,8
8,8
8,8
12,8
3,8
6,8
8,8
12,8
6,8
15,8
8,8
8,8
384,8
327,8
66,8
9,8
3,8
21,8
8,8
8,8
8,8
21,8
3,8
54,8
12,8
6,8
18,8
8,8
8,8
8,8
6,8
3,8
8,8
9,8
3,8
93,8
42,8
8,8
39,8
15,8
144,8
18,8
3,8
3,8
8,8
8,8
8,8
8,8
8,8
8,8
8,8
8,8
8,8
8,8
8,8
6,8
8,8
8,8
8,8
485,8
27,8
12,8
6,8
6,8
3,8
8,8
8,8
3,8
8,8
3,8
9,8
8,8
3,8
8,8
8,8
8,8
8,8
3,8
8,8
8,8
8,8
8,8
3,8
8,8
8,8
8,8
12,8
8,8
18,8
8,8
8,8
8,8
8,8
8,8
8,8
8,8
8,8
8,8
8,8
8,8
3,8
8,8
8,8
8,8
8,8
8,8
48,8
39,8
8,8
8,8
8,8
8,8
8,8
8,8
8,8
8,8
8,8
12,8
9,8
3,8
8,8
8,8
8,8
8,8
8,8
8,8
8,8
8,8
8,8
8,8
8,8
8,8
8,8
8,8
8,8
18,8
3,8
8,8
8,8
8,8
3,8
8,8
8,8
6,8
8,8
8,8
8,8
8,8
8,8
8,8
8,8
8,8
8,8
39,8
21,8
8,8
8,8
3,8
8,8
8,8
8,8
8,8
8,8
8,8
8,8
8,8
8,8
8,8
8,8
8,8
8,8
8,8
8,8
8,8
8,8
3,8
8,8
8,8
8,8
8,8
8,8
3,8
18,8
3,8
8,8
8,8
8,8
8,8
8,8
8,8
8,8
8,8
8,8
8,8
8,8
8,8
8,8
8,8
8,8
8,8
27,8
75,8
8,8
8,8
3,8
8,8
8,8
8,8
8,8
8,8
8,8
21,8
9,8
8,8
9,8
8,8
8,8
8,8
8,8
8,8
3,8
8,8
8,8
45,8
8,8
8,8
8,8
8,8
8,8
8,8
3,8
3,8
8,8
8,8
8,8
8,8
8,8
8,8
8,8
3,8
3,8
8,8
8,8
8,8
8,8
6,8
8,8
78,8
183,8
87,8
15,8
9,8
38,8
21,8
8,8
8,8
9,8
3,8
36,8
21,8
8,8
6,8
8,8
8,8
6,8
8,8
3,8
3,8
8,8
8,8
129,8
3,8
8,8
8,8
15,8
3,8
12,8
8,8
8,8
8,8
8,8
6,8
8,8
3,8
6,8
21,8
3,8
8,8
6,8
12,8
15,8
8,8
3,8
8,8
297,8
287,8
36,8
9,8
9,8
54,8
45,8
8,8
3,8
9,8
8,8
33,8
6,8
8,8
9,8
3,8
9,8
8,8
8,8
8,8
6,8
8,8
3,8
15,8
21,8
8,8
18,8
3,8
68,8
15,8
8,8
8,8
8,8
8,8
8,8
8,8
8,8
8,8
3,8
3,8
8,8
3,8
21,8
8,8
12,8
8,8
12,8
261,8
351,8
93,8
9,8
9,8
36,8
27,8
8,8
8,8
9,8
3,8
69,8
38,8
6,8
15,8
3,8
8,8
3,8
3,8
3,8
3,8
3,8
8,8
182,8
8,8
8,8
8,8
24,8
126,8
12,8
6,8
3,8
8,8
8,8
8,8
8,8
8,8
8,8
21,8
8,8
8,8
8,8
9,8
18,8
12,8
8,8
12,8
462,8
273,8
38,8
3,8
3,8
9,8
8,8
8,8
3,8
9,8
3,8
18,8
9,8
3,8
8,8
3,8
8,8
8,8
3,8
8,8
8,8
8,8
8,8
98,8
21,8
8,8
18,8
24,8
114,8
18,8
3,8
3,8
8,8
8,8
8,8
8,8
8,8
8,8
8,6
8,6
3,6
8,6
6,6
8,6
8,6
8,6
8,6
312,6
99,6
12,6
8,6
8,6
6,6
8,6
8,6
8,6
9,6
3,6
21,6
9,6
8,6
8,6
8,6
8,6
3,6
3,6
3,6
3,6
8,6
8,6
8,6
8,6
8,6
8,6
8,6
57,6
18,6
3,6
8,6
3,6
8,6
8,6
8,6
8,6
8,6
8,6
8,6
8,6
8,6
3,6
8,6
8,6
8,6
8,6
114,6
68,6
39,6
8,6
3,6
6,6
8,6
8,6
8,6
9,6
3,6
27,6
9,6
3,6
8,6
3,6
8,6
3,6
9,6
8,6
8,6
8,6
3,6
8,6
21,6
8,6
18,6
8,6
21,6
9,6
8,6
8,6
8,6
8,6
8,6
8,6
8,6
8,6
12,6
8,6
8,6
8,6
8,6
8,6
8,6
8,6
8,6
182,6
183,6
24,6
3,6
8,6
21,6
6,6
8,6
8,6
15,6
3,6
24,6
9,6
8,6
8,6
3,6
8,6
8,6
3,6
8,6
3,6
3,6
8,6
45,6
42,6
8,6
39,6
12,6
57,6
8,6
3,6
8,6
3,6
8,6
8,6
8,6
8,6
8,6
8,6
8,6
8,6
8,6
8,6
3,6
8,6
8,6
8,6
213,6
216,6
12,6
3,6
8,6
6,6
8,6
8,6
8,6
9,6
3,6
21,6
21,6
3,6
8,6
8,6
8,6
8,6
8,6
8,6
8,6
8,6
8,6
8,6
21,6
8,6
18,6
8,6
126,6
18,6
3,6
3,6
8,6
8,6
8,6
8,6
8,6
8,6
12,6
8,6
8,6
8,6
3,6
8,6
12,6
8,6
8,6
231,6
237,6
57,6
15,6
9,6
39,6
21,6
8,6
3,6
15,6
8,6
51,6
21,6
3,6
15,6
8,6
8,6
8,6
3,6
3,6
3,6
3,6
3,6
158,6
8,6
8,6
8,6
8,6
27,6
3,6
3,6
8,6
8,6
8,6
8,6
8,6
8,6
8,6
12,6
6,6
6,6
3,6
8,6
3,6
8,6
8,6
12,6
315,6
258,6
63,6
18,6
15,6
48,6
24,6
8,6
3,6
21,6
8,6
72,6
12,6
8,6
12,6
8,6
9,6
6,6
38,6
8,6
3,6
8,6
3,6
27,6
21,6
8,6
21,6
9,6
57,6
15,6
3,6
8,6
8,6
8,6
12,6
3,6
3,6
9,6
6,6
3,6
8,6
6,6
39,6
8,6
15,6
3,6
12,6
351,6
936,6
228,6
75,6
69,6
111,6
33,6
3,6
12,6
68,6
8,6
129,3
27,3
12,3
3,3
6,3
15,3
3,3
18,3
33,3
3,3
9,3
3,3
243,3
126,3
12,3
111,3
51,3
189,3
75,3
12,3
3,3
3,3
3,3
9,3
8,3
8,3
9,3
93,3
188,3
27,3
84,3
27,3
12,3
87,3
8,3
38,3
1388,3
6252,3
2133,3
688,3
483,3
1239,3
878,3
15,3
182,3
255,3
24,3
1251,3
312,3
72,3
174,3
54,3
98,3
57,3
248,3
147,3
42,3
63,3
54,3
1557,3
618,3
144,3
474,3
782,3
1182,3
495,3
72,3
24,3
18,3
38,3
98,3
54,3
3,3
39,3
297,3
672,3
188,3
567,3
389,3
153,3
393,3
75,3
273,3
9465,3
1257,3
246,3
63,3
33,3
284,3
185,3
3,3
33,3
63,3
3,3
281,3
36,3
9,3
21,3
15,3
18,3
6,3
21,3
68,3
6,3
9,3
6,3
243,3
48,3
12,3
33,3
75,3
321,3
96,3
15,3
6,3
3,3
3,3
15,3
3,3
8,3
15,3
18,3
78,3
21,3
57,3
57,3
24,3
96,3
21,3
75,3
1685,3
1536,3
587,3
126,3
87,3
357,3
225,3
3,3
36,3
96,3
6,3
225,3
68,3
15,3
12,3
6,3
12,3
15,3
39,3
24,3
15,3
24,3
15,3
216,3
281,3
33,3
165,3
96,3
333,3
129,3
27,3
12,3
3,3
6,3
38,3
12,3
8,3
18,3
72,3
225,3
42,3
186,3
63,3
12,3
126,3
27,3
87,3
2256,3
3428,3
1283,3
386,3
231,3
657,3
456,3
6,3
69,3
129,3
12,3
726,3
171,3
24,3
111,3
39,3
66,3
12,3
126,3
114,3
9,3
51,3
24,3
936,3
288,3
75,3
213,3
468,3
531,3
252,3
27,3
6,3
6,3
12,3
38,3
12,3
3,3
18,3
165,3
488,3
78,3
333,3
138,3
93,3
248,3
42,3
117,3
5163,3
375,3
117,3
42,3
39,3
27,3
3,3
8,3
12,3
12,3
3,3
185,3
21,3
3,3
6,3
8,3
3,3
8,3
12,3
48,3
9,3
3,3
8,3
6,3
48,3
8,3
45,3
66,3
99,3
12,3
9,3
6,3
8,3
3,3
24,3
9,3
3,3
12,3
8,3
75,3
45,3
33,3
21,3
27,3
36,3
8,3
3,3
576,3
24321,3
5613,3
1665,3
1356,3
2457,3
1626,3
42,3
132,3
657,3
78,3
3858,3
774,3
228,3
357,3
192,3
338,3
147,3
728,3
657,3
183,3
278,3
111,3
4853,3
2442,3
834,3
1685,3
3668,3
4416,3
1113,3
389,3
99,3
117,3
98,3
456,3
138,3
27,3
291,3
687,3
3669,3
636,3
3833,3
1386,3
816,3
2882,3
372,3
981,3
32955,3
2325,3
342,3
138,3
129,3
216,3
177,3
3,3
9,3
38,3
12,3
291,3
81,3
3,3
18,3
8,3
38,3
15,3
84,3
38,3
12,3
15,3
12,3
387,3
234,3
27,3
287,3
357,3
666,3
114,3
15,3
3,3
3,3
6,3
24,3
12,3
3,3
12,3
75,3
188,3
24,3
87,3
126,3
33,3
153,3
15,3
98,3
2937,3
3669,3
1236,3
342,3
258,3
816,3
561,3
6,3
54,3
198,3
9,3
651,3
158,3
36,3
72,3
42,3
63,3
24,3
185,3
96,3
21,3
42,3
24,3
741,3
381,3
87,3
291,3
462,3
648,3
285,3
36,3
15,3
9,3
12,3
45,3
21,3
3,3
24,3
281,3
465,3
87,3
378,3
156,3
98,3
279,3
66,3
144,3
5585,3
881,3
488,3
114,3
98,3
213,3
153,3
8,3
24,3
36,3
9,3
284,3
66,3
3,3
18,3
9,3
12,3
6,3
48,3
18,3
6,3
12,3
12,3
243,3
123,3
21,3
99,3
27,3
96,3
96,3
21,3
9,3
3,3
3,3
21,3
12,3
3,3
9,3
81,3
156,3
66,3
93,3
48,3
6,3
45,3
3,3
6,3
1416,3
3758,3
1323,3
327,3
171,3
747,3
474,3
3,3
98,3
188,3
15,3
678,3
96,3
42,3
84,3
39,3
63,3
21,3
188,3
132,3
18,3
75,3
15,3
783,3
278,3
48,3
222,3
525,3
795,3
282,3
33,3
12,3
3,3
12,3
42,3
15,3
8,3
27,3
147,3
458,3
84,3
369,3
159,3
78,3
318,3
36,3
195,3
5571,3
884,3
327,3
78,3
51,3
216,3
188,3
8,3
12,3
24,3
6,3
218,3
81,3
15,3
12,3
3,3
15,3
9,3
18,3
42,3
3,3
15,3
6,3
162,3
99,3
33,3
66,3
51,3
174,3
24,3
18,3
9,3
6,3
8,3
21,3
9,3
8,3
12,3
38,3
99,3
66,3
36,3
45,3
21,3
33,3
12,3
38,3
1268,3
72,3
15,3
3,3
6,3
21,3
21,3
8,3
8,3
8,3
8,3
3,3
8,3
8,3
3,3
8,3
8,3
8,3
8,3
8,3
8,3
8,3
8,3
8,3
21,3
8,3
18,3
15,3
8,3
8,3
9,3
3,3
3,3
8,3
6,3
8,3
8,3
9,3
12,3
8,3
8,3
8,3
8,3
3,3
8,3
8,3
8,3
93,3
276,3
72,3
38,3
39,3
66,3
51,3
8,3
6,3
9,3
3,3
21,3
12,3
8,3
3,3
8,3
3,3
8,3
3,3
8,3
3,3
8,3
6,3
18,3
98,3
12,3
75,3
12,3
68,3
21,3
9,3
3,3
8,3
6,3
27,3
15,3
3,3
12,3
3,3
27,3
21,3
9,3
12,3
15,3
21,3
3,3
3,3
428,3
