,class,area,lotfrontage,quality,year_built,living_area,garage_area,year_sold,price
0,60,8450,65.0,7,2003,1710,548,2008,208500
1,20,9600,80.0,6,1976,1262,460,2007,181500
2,60,11250,68.0,7,2001,1786,608,2008,223500
3,70,9550,60.0,7,1915,1717,642,2006,140000
4,60,14260,84.0,8,2000,2198,836,2008,250000
5,50,14115,85.0,5,1993,1362,480,2009,143000
6,20,10084,75.0,8,2004,1694,636,2007,307000
7,60,10382,70.04995836802665,7,1973,2090,484,2009,200000
8,50,6120,51.0,7,1931,1774,468,2008,129900
9,190,7420,50.0,5,1939,1077,205,2008,118000
10,20,11200,70.0,5,1965,1040,384,2008,129500
11,60,11924,85.0,9,2005,2324,736,2006,345000
12,20,12968,70.04995836802665,5,1962,912,352,2008,144000
13,20,10652,91.0,7,2006,1494,840,2007,279500
14,20,10920,70.04995836802665,6,1960,1253,352,2008,157000
15,45,6120,51.0,7,1929,854,576,2007,132000
16,20,11241,70.04995836802665,6,1970,1004,480,2010,149000
17,90,10791,72.0,4,1967,1296,516,2006,90000
18,20,13695,66.0,5,2004,1114,576,2008,159000
19,20,7560,70.0,5,1958,1339,294,2009,139000
20,60,14215,101.0,8,2005,2376,853,2006,325300
21,45,7449,57.0,7,1930,1108,280,2007,139400
22,20,9742,75.0,8,2002,1795,534,2008,230000
23,120,4224,44.0,5,1976,1060,572,2007,129900
24,20,8246,70.04995836802665,5,1968,1060,270,2010,154000
25,20,14230,110.0,8,2007,1600,890,2009,256300
26,20,7200,60.0,5,1951,900,576,2010,134800
27,20,11478,98.0,8,2007,1704,772,2010,306000
28,20,16321,47.0,5,1957,1600,319,2006,207500
29,30,6324,60.0,4,1927,520,240,2008,68500
30,70,8500,50.0,4,1920,1317,250,2008,40000
31,20,8544,70.04995836802665,5,1966,1228,271,2008,149350
32,20,11049,85.0,8,2007,1234,484,2008,179900
33,20,10552,70.0,5,1959,1700,447,2010,165500
34,120,7313,60.0,9,2005,1561,556,2007,277500
35,60,13418,108.0,8,2004,2452,691,2006,309000
36,20,10859,112.0,5,1994,1097,672,2009,145000
37,20,8532,74.0,5,1954,1297,498,2009,153000
38,20,7922,68.0,5,1953,1057,246,2010,109000
39,90,6040,65.0,4,1955,1152,0,2008,82000
40,20,8658,84.0,6,1965,1324,440,2006,160000
41,20,16905,115.0,5,1959,1328,308,2007,170000
42,85,9180,70.04995836802665,5,1983,884,504,2007,144000
43,20,9200,70.04995836802665,5,1975,938,308,2008,130250
44,20,7945,70.0,5,1959,1150,300,2006,141000
45,120,7658,61.0,9,2005,1752,576,2010,319900
46,50,12822,48.0,7,2003,2149,670,2009,239686
47,20,11096,84.0,8,2006,1656,826,2007,249700
48,190,4456,33.0,4,1920,1452,0,2009,113000
49,20,7742,66.0,5,1966,955,386,2007,127000
50,60,13869,70.04995836802665,6,1997,1470,388,2007,177000
51,50,6240,52.0,6,1934,1176,528,2006,114500
52,90,8472,110.0,5,1963,816,516,2010,110000
53,20,50271,68.0,9,1981,1842,894,2006,385000
54,80,7134,60.0,5,1955,1360,572,2007,130000
55,20,10175,100.0,6,1964,1425,576,2008,180500
56,160,2645,24.0,8,1999,1739,480,2009,172500
57,60,11645,89.0,7,2004,1720,565,2006,196500
58,60,13682,66.0,10,2006,2945,641,2006,438780
59,20,7200,60.0,5,1972,780,352,2008,124900
60,20,13072,63.0,6,2004,1158,576,2006,158000
61,75,7200,60.0,5,1920,1111,288,2007,101000
62,120,6442,44.0,8,2006,1370,484,2007,202500
63,70,10300,50.0,7,1921,1710,480,2010,140000
64,60,9375,70.04995836802665,7,1997,2034,645,2009,219500
65,60,9591,76.0,8,2004,2473,852,2007,317000
66,20,19900,70.04995836802665,7,1970,2207,576,2010,180000
67,20,10665,72.0,7,2003,1479,558,2007,226000
68,30,4608,47.0,4,1945,747,220,2010,80000
69,50,15593,81.0,7,1953,2287,667,2006,225000
70,20,13651,95.0,7,1973,2223,516,2007,244000
71,20,7599,69.0,4,1982,845,360,2007,129500
72,60,10141,74.0,7,1998,1718,427,2009,185000
73,20,10200,85.0,5,1954,1086,490,2010,144900
74,50,5790,60.0,3,1915,1605,379,2010,107400
75,180,1596,21.0,4,1973,988,297,2009,91000
76,20,8475,70.04995836802665,4,1956,952,283,2008,135750
77,50,8635,50.0,5,1948,1285,240,2008,127000
78,90,10778,72.0,4,1968,1768,0,2010,136500
79,50,10440,60.0,5,1910,1230,440,2009,110000
80,60,13000,100.0,6,1968,2142,509,2009,193500
81,120,4500,32.0,6,1998,1337,405,2006,153500
82,20,10206,78.0,8,2007,1563,758,2008,245000
83,20,8892,80.0,5,1960,1065,461,2007,126500
84,80,8530,70.04995836802665,7,1995,1474,400,2009,168500
85,60,16059,121.0,8,1991,2417,462,2006,260000
86,60,11911,122.0,6,2005,1560,400,2009,174000
87,160,3951,40.0,6,2009,1224,528,2009,164500
88,50,8470,105.0,3,1915,1526,0,2009,85000
89,20,8070,60.0,4,1994,990,0,2007,123600
90,20,7200,60.0,4,1950,1040,420,2006,109900
91,20,8500,85.0,5,1961,1235,480,2006,98600
92,30,13360,80.0,5,1921,964,432,2009,163500
93,190,7200,60.0,6,1910,2291,506,2007,133900
94,60,9337,69.0,6,1997,1786,684,2007,204750
95,60,9765,70.04995836802665,6,1993,1470,420,2009,185000
96,20,10264,78.0,7,1999,1588,472,2006,214000
97,20,10921,73.0,4,1965,960,432,2007,94750
98,30,10625,85.0,5,1920,835,366,2010,83000
99,20,9320,77.0,4,1959,1225,0,2010,128950
100,20,10603,70.04995836802665,6,1977,1610,480,2010,205000
101,60,9206,77.0,6,1985,1732,476,2010,178000
102,90,7018,64.0,5,1979,1535,410,2009,118964
103,20,10402,94.0,7,2009,1226,740,2010,198900
104,50,7758,70.04995836802665,7,1931,1818,240,2007,169500
105,60,9375,75.0,8,2003,1992,648,2008,250000
106,30,10800,60.0,4,1885,1047,273,2007,100000
107,20,6000,50.0,5,1948,789,250,2008,115000
108,50,8500,85.0,5,1919,1517,0,2007,115000
109,20,11751,105.0,6,1977,1844,546,2010,190000
110,50,9525,75.0,6,1954,1855,325,2006,136900
111,80,7750,70.04995836802665,7,2000,1430,400,2010,180000
112,60,9965,77.0,7,2007,2696,792,2007,383970
113,20,21000,70.04995836802665,6,1953,2259,450,2007,217000
114,70,7259,61.0,6,1945,2320,180,2007,259500
115,160,3230,34.0,6,1999,1458,440,2007,176000
116,20,11616,70.04995836802665,5,1962,1092,288,2009,139000
117,20,8536,74.0,5,2006,1125,430,2007,155000
118,60,12376,90.0,7,1990,3222,594,2010,320000
119,60,8461,65.0,6,2005,1456,390,2006,163990
120,80,21453,70.04995836802665,6,1969,988,540,2006,180000
121,50,6060,50.0,4,1939,1123,264,2007,100000
122,20,9464,75.0,6,1958,1080,288,2008,136000
123,120,7892,55.0,6,1993,1199,530,2008,153900
124,20,17043,48.0,6,1979,1586,435,2009,181000
125,190,6780,60.0,6,1935,754,0,2006,84500
126,120,4928,70.04995836802665,6,1976,958,440,2007,128000
127,45,4388,55.0,5,1930,840,0,2007,87000
128,60,7590,69.0,6,1966,1348,453,2006,155000
129,20,8973,69.0,5,1958,1053,750,2006,150000
130,60,14200,88.0,7,1966,2157,487,2006,226000
131,60,12224,70.04995836802665,6,2000,2054,390,2009,244000
132,20,7388,75.0,5,1959,1327,624,2007,150750
133,20,6853,70.04995836802665,8,2001,1296,471,2009,220000
134,20,10335,78.0,5,1968,1721,440,2006,180000
135,20,10400,80.0,7,1970,1682,530,2008,174000
136,20,10355,70.04995836802665,5,1967,1214,318,2007,143000
137,90,11070,82.0,7,1988,1959,766,2006,171000
138,60,9066,73.0,8,1999,1852,660,2008,230000
139,60,15426,65.0,6,1997,1764,470,2009,231500
140,20,10500,70.0,4,1971,864,0,2010,115000
141,20,11645,78.0,7,2005,1734,660,2006,260000
142,50,8520,71.0,5,1952,1385,720,2010,166000
143,20,10335,78.0,7,1999,1501,577,2009,204000
144,90,9100,70.0,5,1963,1728,504,2006,125000
145,160,2522,24.0,6,2004,1709,380,2006,130000
146,30,6120,51.0,5,1931,875,180,2009,105000
147,60,9505,70.04995836802665,7,2001,2035,434,2010,222500
148,20,7500,63.0,7,2004,1080,0,2008,141000
149,50,6240,70.04995836802665,5,1936,1344,240,2006,115000
150,20,10356,120.0,5,1975,969,440,2007,122000
151,20,13891,107.0,8,2007,1710,866,2008,372402
152,60,14803,70.04995836802665,6,1971,1993,495,2006,190000
153,20,13500,70.04995836802665,6,1960,1252,564,2008,235000
154,30,11340,84.0,6,1923,1200,312,2006,125000
155,50,9600,60.0,6,1924,1096,0,2008,79000
156,20,7200,60.0,5,1950,1040,625,2006,109500
157,60,12003,92.0,8,2009,1968,680,2010,269500
158,60,12552,100.0,7,2004,1947,678,2010,254900
159,60,19378,134.0,7,2005,2462,576,2006,320000
160,20,11120,70.04995836802665,6,1984,1232,516,2008,162500
161,60,13688,110.0,9,2003,2668,726,2008,412500
162,20,12182,95.0,7,2005,1541,532,2010,220000
163,45,5500,55.0,4,1956,882,0,2007,103200
164,40,5400,40.0,6,1926,1616,216,2007,152000
165,190,10106,62.0,5,1940,1355,0,2008,127500
166,20,10708,70.04995836802665,5,1955,1867,303,2009,190000
167,60,10562,86.0,8,2007,2161,789,2007,325624
168,60,8244,62.0,7,2004,1720,440,2007,183500
169,20,16669,70.04995836802665,8,1981,1707,511,2006,228000
170,50,12358,70.04995836802665,5,1941,1382,660,2007,128500
171,20,31770,141.0,6,1960,1656,528,2010,215000
172,160,5306,44.0,7,1987,1767,504,2006,239000
173,20,10197,80.0,6,1961,1362,504,2008,163000
174,20,12416,47.0,6,1986,1651,616,2008,184000
175,20,12615,84.0,6,1950,2158,576,2007,243000
176,60,10029,97.0,6,1988,2060,521,2007,211000
177,50,13650,70.04995836802665,5,1958,1920,451,2006,172500
178,20,17423,63.0,9,2008,2234,1166,2009,501837
179,30,8520,60.0,5,1923,968,480,2007,100000
180,160,2117,70.04995836802665,6,2000,1525,440,2007,177000
181,70,7588,54.0,7,1920,1802,216,2006,200100
182,20,9060,60.0,5,1957,1340,252,2007,120000
183,50,11426,63.0,7,2003,2082,484,2008,200000
184,50,7438,92.0,5,1908,1252,576,2006,127000
185,75,22950,90.0,10,1892,3608,840,2006,475000
186,80,9947,70.04995836802665,7,1990,1217,497,2009,173000
187,50,10410,60.0,5,1916,1656,180,2009,135000
188,90,7018,64.0,5,1979,1224,528,2009,153337
189,120,4923,41.0,8,2001,1593,682,2008,286000
190,70,10570,70.0,8,1932,2727,440,2007,315000
191,60,7472,70.04995836802665,7,1972,1479,484,2007,184000
192,20,9017,68.0,7,1999,1431,666,2009,192000
193,160,2522,24.0,7,2004,1709,380,2006,130000
194,20,7180,60.0,5,1972,864,352,2008,127000
195,160,2280,24.0,6,1976,1456,440,2009,148500
196,20,9416,79.0,7,2007,1726,786,2007,311872
197,75,25419,174.0,8,1918,3112,795,2006,235000
198,75,5520,92.0,6,1912,2229,0,2009,104000
199,20,9591,76.0,8,2004,1713,856,2009,274900
200,20,8546,80.0,4,2003,1121,440,2010,140000
201,20,10125,75.0,6,1977,1279,473,2008,171500
202,50,7000,50.0,6,1924,1310,398,2006,112000
203,120,4438,70.04995836802665,6,2004,848,420,2008,149000
204,50,3500,50.0,5,1947,1284,240,2009,110000
205,20,11851,99.0,7,1990,1442,500,2009,180500
206,20,13673,40.0,5,1962,1696,349,2007,143900
207,20,12493,70.04995836802665,4,1960,1100,312,2008,141000
208,60,14364,70.04995836802665,7,1988,2062,454,2007,277000
209,20,8250,75.0,6,1964,1092,504,2008,145000
210,30,5604,67.0,5,1925,864,0,2008,98000
211,20,10420,83.0,6,2009,1212,460,2010,186000
212,60,8640,72.0,7,2009,1852,644,2009,252678
213,20,13568,43.0,5,1995,990,576,2006,156000
214,60,10900,70.04995836802665,6,1977,1392,299,2010,161750
215,20,10011,72.0,5,1957,1236,447,2006,134450
216,20,8450,65.0,7,2004,1436,484,2008,210000
217,70,9906,57.0,4,1925,1328,210,2006,107000
218,50,15660,70.04995836802665,7,1939,1954,431,2008,311500
219,120,3010,43.0,7,2005,1248,438,2006,167240
220,20,8990,73.0,7,2006,1498,675,2006,204900
221,60,8068,70.04995836802665,6,2002,2267,390,2009,200000
222,60,11475,85.0,6,1975,1552,434,2006,179900
223,20,10500,70.0,4,1971,864,576,2009,97000
224,20,13472,103.0,10,2003,2392,968,2009,386250
225,160,1680,21.0,5,1971,1302,280,2009,112000
226,60,9950,82.0,7,1995,2520,721,2007,290000
227,160,1869,21.0,6,1970,987,280,2008,106000
228,20,8521,70.0,5,1967,912,336,2010,125000
229,120,3182,43.0,7,2005,1555,430,2009,192500
230,20,8760,73.0,6,1959,1194,312,2010,148000
231,60,15138,174.0,8,1995,2794,810,2009,403000
232,160,1680,21.0,6,1972,987,288,2006,94500
233,20,10650,75.0,5,1976,894,308,2010,128200
234,60,7851,70.04995836802665,6,2002,1960,440,2010,216500
235,160,1680,21.0,6,1971,987,264,2008,89500
236,20,8773,65.0,7,2004,1414,494,2010,185500
237,60,9453,70.04995836802665,7,1993,1744,457,2010,194500
238,20,12030,93.0,8,2007,1694,818,2007,318000
239,50,8741,52.0,6,1945,1487,220,2010,113000
240,20,9000,75.0,8,2008,1566,750,2010,262500
241,30,3880,40.0,5,1945,866,0,2007,110500
242,50,5000,63.0,5,1900,1440,352,2006,79000
243,160,10762,75.0,6,1980,1217,288,2009,120000
244,60,8880,70.04995836802665,7,1994,2110,463,2010,205000
245,20,10400,80.0,7,1988,1872,604,2006,241500
246,190,9142,69.0,6,1910,1928,440,2006,137000
247,20,11310,75.0,6,1954,1375,451,2006,140000
248,60,11317,72.0,7,2003,1668,500,2007,180000
249,50,159000,70.04995836802665,6,1958,2144,389,2007,277000
250,30,5350,55.0,3,1940,1306,0,2010,76500
251,120,4750,44.0,8,2006,1625,538,2007,235000
252,60,8366,65.0,6,2004,1640,520,2008,173000
253,80,9350,85.0,6,1964,1302,309,2007,158000
254,20,8400,70.0,5,1957,1314,294,2010,145000
255,60,8738,66.0,7,1999,2291,429,2006,230000
256,60,8791,64.0,6,2003,1728,673,2008,207500
257,20,8814,68.0,7,2006,1604,660,2009,220000
258,60,12435,80.0,7,2001,1792,564,2008,231500
259,20,12702,70.0,5,1956,882,308,2008,97000
260,80,19296,120.0,6,1962,1382,884,2009,176000
261,60,9588,69.0,8,2007,2574,868,2007,276000
262,80,8471,88.0,6,1977,1212,492,2006,151000
263,50,5500,50.0,5,1929,1316,484,2010,130000
264,30,5232,30.0,5,1925,764,504,2008,73000
265,20,12090,78.0,6,1981,1422,576,2008,175500
266,60,11207,70.0,6,1997,1511,413,2006,185000
267,75,8400,60.0,5,1939,2192,240,2008,179500
268,30,6900,71.0,5,1940,778,924,2008,120500
269,20,7917,70.04995836802665,6,1976,1113,504,2007,148000
270,60,10728,84.0,8,2006,1939,1053,2006,266000
271,20,39104,73.0,7,1954,1363,439,2008,241500
272,60,11764,92.0,8,1999,2270,671,2010,290000
273,20,9600,80.0,6,1958,1632,338,2009,139000
274,20,8314,76.0,5,1982,816,264,2007,124500
275,50,7264,55.0,7,1925,1548,672,2009,205000
276,20,9196,129.0,7,2003,1560,573,2010,201000
277,20,19138,140.0,4,1951,864,400,2010,141000
278,20,14450,107.0,9,2006,2121,732,2007,415298
279,60,10005,83.0,7,1977,2022,505,2008,192000
280,60,11287,82.0,7,1989,1982,575,2007,228500
281,20,7200,60.0,6,2006,1262,572,2006,185000
282,120,5063,34.0,7,2007,1314,626,2009,207500
283,20,9612,74.0,8,2008,1468,898,2009,244600
284,120,8012,50.0,6,1992,1575,529,2007,179200
285,160,4251,35.0,7,2006,1250,528,2007,164700
286,50,9786,77.0,6,1962,1734,440,2006,159000
287,20,8125,70.04995836802665,4,1971,858,0,2006,88000
288,20,9819,70.04995836802665,5,1967,900,280,2010,122000
289,70,8730,60.0,6,1915,1396,384,2007,153575
290,60,15611,120.0,8,2006,1919,685,2006,233230
291,190,5687,55.0,5,1912,1716,0,2008,135900
292,50,11409,60.0,5,1949,1716,281,2009,131000
293,60,16659,70.04995836802665,7,1977,2263,539,2006,235000
294,20,9600,80.0,6,1953,1644,418,2009,167000
295,80,7937,37.0,6,1984,1003,588,2006,142500
296,50,13710,75.0,5,1950,1558,282,2007,152000
297,60,7399,66.0,7,1997,1950,576,2007,239000
298,60,11700,90.0,6,1968,1743,539,2007,175000
299,20,14000,80.0,6,1950,1152,300,2009,158500
300,190,15750,90.0,5,1953,1336,375,2006,157000
301,60,16226,66.0,8,1998,2452,683,2007,267000
302,20,13704,118.0,7,2001,1541,843,2006,205000
303,20,9800,70.0,5,1972,894,552,2006,149900
304,75,18386,87.0,7,1880,3493,870,2008,295000
305,20,10386,80.0,8,2004,2000,888,2007,305900
306,60,13474,116.0,7,1990,2243,746,2007,225000
307,50,7920,70.04995836802665,6,1920,1406,0,2008,89500
308,30,12342,70.04995836802665,4,1940,861,539,2009,82500
309,20,12378,90.0,9,2003,1944,708,2006,360000
310,60,7685,70.04995836802665,6,1993,1501,420,2006,165600
311,20,8000,50.0,6,1948,972,240,2009,132000
312,190,7800,65.0,5,1939,1118,410,2006,119900
313,20,215245,150.0,7,1965,2036,513,2009,375000
314,70,9600,60.0,7,1925,1641,546,2006,178000
315,60,7795,71.0,7,2004,1432,432,2009,188500
316,60,13005,94.0,7,1980,2353,484,2009,260000
317,60,9000,75.0,8,2006,1959,1025,2007,270000
318,60,9900,90.0,7,1993,2646,656,2009,260000
319,80,14115,70.04995836802665,7,1980,1472,588,2009,187500
320,60,16259,111.0,9,2006,2596,840,2006,342643
321,60,12099,99.0,8,2004,2468,872,2007,354000
322,60,10380,86.0,7,1986,2730,576,2007,301000
323,20,5820,49.0,3,1955,1163,220,2006,126175
324,80,11275,96.0,7,1967,2978,564,2010,242000
325,45,5000,50.0,5,1941,803,360,2007,87000
326,120,10846,32.0,8,1993,1719,473,2008,324000
327,20,11600,80.0,6,1960,1383,292,2006,145250
328,75,11888,70.04995836802665,6,1916,2134,441,2009,214500
329,70,6402,60.0,5,1920,1192,189,2009,78000
330,90,10624,70.04995836802665,5,1964,1728,352,2007,119000
331,20,8176,70.0,5,1958,1056,308,2007,139000
332,20,10655,85.0,8,2003,1629,880,2009,284000
333,120,8198,59.0,7,2004,1358,484,2008,207000
334,60,9042,59.0,6,1998,1638,472,2008,192000
335,190,164660,70.04995836802665,5,1965,1786,529,2008,228950
336,20,14157,86.0,9,2005,1922,676,2007,377426
337,20,9135,70.0,7,2002,1536,532,2008,214000
338,20,14145,91.0,7,1984,1621,440,2006,202500
339,20,12400,66.0,6,1958,1215,297,2009,155000
340,60,14191,85.0,8,2002,1908,431,2010,202900
341,20,8400,60.0,4,1950,841,294,2009,82000
342,90,8544,70.04995836802665,3,1949,1040,400,2006,87500
343,120,8849,63.0,9,2005,1684,564,2008,266000
344,160,2592,36.0,5,1976,1112,336,2010,85000
345,50,6435,65.0,6,1939,1577,312,2006,140200
346,20,12772,70.04995836802665,6,1960,958,301,2007,151500
347,20,17600,70.04995836802665,6,1960,1478,498,2009,157500
348,160,2448,36.0,7,2003,1626,474,2008,154000
349,60,20431,56.0,9,2005,2728,706,2006,437154
350,120,7820,68.0,9,2007,1869,617,2007,318061
351,120,5271,70.04995836802665,7,1986,1453,445,2006,190000
352,50,9084,60.0,5,1941,1111,200,2008,95000
353,30,8520,60.0,6,1928,720,484,2010,105900
354,50,8400,60.0,6,1940,1595,240,2006,140000
355,20,11249,105.0,6,1995,1200,521,2007,177500
356,20,9248,70.04995836802665,6,1992,1167,400,2009,173000
357,120,4224,44.0,5,1976,1142,528,2007,134000
358,80,6930,92.0,5,1958,1352,288,2006,130000
359,60,12011,78.0,8,1998,1924,592,2006,280000
360,85,7540,70.04995836802665,6,1978,912,470,2007,156000
361,50,9144,70.04995836802665,5,1940,1505,240,2008,145000
362,85,7301,64.0,7,2003,1922,672,2009,198500
363,160,1680,21.0,6,1972,987,264,2009,118000
364,60,18800,70.04995836802665,6,1976,1574,566,2006,190000
365,70,10690,59.0,5,1920,1344,468,2009,147000
366,20,9500,70.04995836802665,6,1963,1394,514,2009,159000
367,80,9150,101.0,6,1962,1431,296,2008,165000
368,20,7800,78.0,5,1954,1268,244,2010,132000
369,20,9830,70.04995836802665,5,1959,1287,576,2010,162000
370,60,8121,70.04995836802665,6,2000,1664,460,2006,172400
371,50,17120,80.0,4,1959,1588,680,2008,134432
372,120,7175,50.0,6,1984,752,264,2010,125000
373,20,10634,79.0,5,1953,1319,270,2009,123000
374,60,8200,65.0,7,2003,1928,434,2007,219500
375,30,10020,70.04995836802665,1,1922,904,0,2009,61000
376,85,8846,57.0,5,1996,914,576,2006,148000
377,60,11143,102.0,8,2004,2466,610,2007,340000
378,20,11394,88.0,9,2010,1856,834,2010,394432
379,60,8123,60.0,6,2000,1800,463,2009,179000
380,50,5000,50.0,5,1924,1691,308,2010,127000
381,20,7200,60.0,7,2006,1301,572,2006,187750
382,60,9245,79.0,7,2006,1797,639,2007,213500
383,45,9000,60.0,6,1928,784,360,2009,76000
384,60,53107,70.04995836802665,6,1992,1953,501,2007,240000
385,120,3182,43.0,8,2004,1269,430,2010,192000
386,50,8410,58.0,5,1910,1184,0,2006,81000
387,80,7200,72.0,6,1976,1125,352,2009,125000
388,20,9382,93.0,7,1999,1479,577,2008,191000
389,60,12474,96.0,10,2007,2332,846,2008,426000
390,50,8405,50.0,5,1900,1367,384,2008,119000
391,60,12209,71.0,6,2001,1961,560,2009,215000
392,20,8339,70.04995836802665,5,1959,882,294,2007,106500
393,30,7446,70.04995836802665,4,1941,788,0,2006,100000
394,50,10134,60.0,5,1940,1034,240,2007,109000
395,20,9571,68.0,5,1956,1144,596,2010,129000
396,20,7200,60.0,5,1972,894,600,2009,123000
397,60,7590,69.0,5,1962,1812,264,2007,169500
398,30,8967,60.0,5,1920,1077,338,2007,67000
399,60,8125,65.0,7,2006,1550,438,2009,241000
400,120,14963,38.0,8,1996,1288,500,2008,245500
401,20,8767,65.0,7,2005,1310,400,2006,164990
402,30,10200,60.0,5,1940,672,240,2008,108000
403,60,12090,93.0,8,1998,2263,420,2006,258000
404,60,10364,70.04995836802665,6,1995,1572,373,2007,168000
405,20,9991,70.04995836802665,4,1976,1620,490,2009,150000
406,50,10480,51.0,6,1936,1639,240,2008,115000
407,70,15576,63.0,6,1915,1680,308,2008,177000
408,60,14154,109.0,7,2006,2172,947,2007,280000
409,60,10800,85.0,8,2007,2078,836,2008,339750
410,20,9571,68.0,5,1958,1276,350,2009,60000
411,190,34650,100.0,5,1955,1056,572,2006,145000
412,20,4403,70.04995836802665,7,2009,1478,484,2010,222000
413,30,8960,56.0,5,1927,1028,360,2010,115000
414,60,11228,59.0,7,1993,2097,678,2008,228000
415,20,8899,73.0,7,2007,1340,396,2007,181134
416,60,7844,74.0,6,1978,1400,440,2006,149500
417,70,22420,86.0,6,1918,2624,864,2007,239000
418,50,8160,60.0,5,1940,1134,240,2007,126000
419,20,8450,65.0,5,1968,1056,304,2010,142000
420,90,7060,78.0,7,1997,1344,784,2008,206300
421,20,16635,70.04995836802665,6,1977,1602,529,2009,215000
422,20,21750,100.0,5,1954,988,520,2008,113000
423,60,9200,80.0,8,1998,2630,696,2008,315000
424,20,9000,72.0,6,1956,1196,297,2008,139000
425,60,3378,60.0,7,1946,1389,240,2009,135000
426,80,12800,70.04995836802665,7,1989,1644,569,2009,275000
427,20,8593,77.0,4,1957,907,352,2008,109008
428,20,6762,64.0,7,2007,1208,628,2007,195400
429,20,11457,130.0,6,1988,1412,576,2009,175000
430,160,1680,21.0,6,1971,987,264,2008,85400
431,50,5586,60.0,6,1920,1198,0,2008,79900
432,160,1920,24.0,5,1971,1365,440,2007,122500
433,60,10839,100.0,6,1997,1604,470,2008,181000
434,180,1890,21.0,4,1972,630,0,2008,81000
435,60,10667,43.0,7,1996,1661,550,2009,212000
436,50,4400,40.0,6,1920,1118,440,2006,116000
437,45,6000,50.0,6,1926,904,180,2009,119000
438,30,4280,40.0,5,1913,694,352,2007,90350
439,50,12354,67.0,6,1920,1196,528,2009,110000
440,20,15431,105.0,10,2008,2402,672,2009,555000
441,90,12108,92.0,4,1955,1440,0,2008,118000
442,50,6240,52.0,5,1930,1573,360,2008,162900
443,120,3922,53.0,7,2006,1258,648,2007,172500
444,60,8750,70.0,7,1994,1908,493,2008,210000
445,20,9855,73.0,6,1956,1689,480,2009,127500
446,20,16492,137.0,6,1966,1888,578,2010,190000
447,60,11214,70.04995836802665,7,1998,1886,431,2006,199900
448,50,8600,50.0,6,1937,1376,198,2006,119500
449,50,6000,50.0,3,1948,1183,308,2007,120000
450,30,5684,70.0,6,1930,813,270,2006,110000
451,20,70761,62.0,7,1975,1533,576,2006,280000
452,60,9303,70.04995836802665,6,1996,1756,422,2007,204000
453,60,9000,75.0,8,2008,1590,676,2009,210000
454,90,9297,63.0,5,1976,1728,560,2006,188000
455,20,9600,80.0,7,1973,1242,528,2007,175500
456,70,4571,34.0,5,1916,1344,513,2008,98000
457,20,53227,70.04995836802665,4,1954,1663,529,2008,256000
458,70,5100,70.04995836802665,8,1925,1666,228,2008,161000
459,50,7015,70.04995836802665,5,1950,1203,352,2009,110000
460,60,8004,75.0,8,2009,1935,552,2009,263435
461,70,7200,60.0,7,1936,1135,576,2009,155000
462,20,8281,60.0,5,1965,864,360,2009,62383
463,70,11988,74.0,6,1934,1660,240,2008,188700
464,20,8430,60.0,5,1978,1040,0,2009,124000
465,120,3072,70.04995836802665,7,2004,1414,398,2006,178740
466,20,10628,85.0,7,1970,1277,526,2007,167000
467,70,9480,79.0,5,1942,1644,312,2007,146500
468,20,11428,98.0,8,2006,1634,866,2007,250000
469,60,9291,76.0,6,1993,1710,506,2008,187000
470,120,6820,70.04995836802665,8,1985,1502,528,2010,212000
471,60,11952,92.0,7,1977,1969,534,2007,190000
472,180,3675,35.0,6,2005,1072,525,2008,148000
473,20,14977,110.0,8,2006,1976,908,2007,440000
474,120,5330,41.0,8,2000,1652,499,2007,251000
475,20,8480,80.0,5,1963,970,624,2007,132500
476,20,13125,75.0,6,1997,1493,508,2008,208900
477,60,13693,105.0,9,2006,2643,694,2007,380000
478,20,10637,79.0,8,2007,1718,826,2009,297000
479,30,5925,50.0,4,1937,1131,672,2007,89471
480,20,16033,98.0,9,2004,1850,772,2006,326000
481,20,11846,72.0,9,2003,1792,874,2006,374000
482,70,2500,50.0,7,1915,1826,164,2009,155000
483,120,4500,32.0,6,1998,1216,402,2006,164000
484,20,7758,70.04995836802665,5,1962,999,264,2007,132500
485,20,9600,80.0,5,1950,1113,264,2009,147000
486,20,10289,79.0,5,1965,1073,515,2007,156000
487,20,12243,70.0,5,1971,1484,487,2007,175000
488,190,10800,60.0,5,1900,2414,520,2006,160000
489,180,1526,21.0,4,1970,630,286,2009,86000
490,160,2665,70.04995836802665,5,1976,1304,336,2008,115000
491,50,9490,79.0,6,1941,1578,240,2006,133000
492,60,15578,105.0,6,2006,1456,429,2006,172785
493,20,7931,70.0,5,1960,1269,308,2008,155000
494,30,5784,50.0,5,1938,886,273,2009,91300
495,30,7879,60.0,4,1920,720,0,2009,34900
496,20,12692,70.04995836802665,8,1992,3228,546,2007,430000
497,50,9120,60.0,7,1925,1820,240,2008,184000
498,20,7800,65.0,5,1967,899,288,2009,130000
499,20,7535,70.0,5,1958,912,297,2007,120000
500,160,1890,21.0,6,1973,1218,264,2007,113000
501,60,9803,75.0,7,2005,1768,603,2008,226700
502,20,9170,70.0,5,1965,1214,461,2007,140000
503,20,15602,100.0,7,1959,1801,484,2010,289000
504,160,2308,24.0,6,1974,1322,440,2009,147000
505,90,7596,60.0,5,1952,1960,400,2009,124500
506,60,9554,80.0,8,1993,1911,471,2006,215000
507,20,7862,75.0,6,2009,1218,676,2009,208300
508,70,9600,60.0,7,1928,1378,360,2008,161000
509,20,9600,80.0,5,1959,1041,270,2009,124500
510,20,14559,75.0,5,1951,1363,288,2009,164900
511,120,6792,40.0,7,2005,1368,474,2006,202665
512,20,9100,70.0,5,1958,864,624,2006,129900
513,20,9187,71.0,6,1983,1080,484,2007,134000
514,45,10594,55.0,5,1926,789,200,2007,96500
515,20,12220,94.0,10,2009,2020,900,2009,402861
516,80,10448,70.04995836802665,6,1972,2119,583,2009,158000
517,60,10208,79.0,7,1996,2344,889,2009,265000
518,60,9531,70.04995836802665,6,1998,1796,546,2007,211000
519,70,10918,53.0,7,1926,2080,282,2009,234000
520,190,10800,60.0,4,1900,1294,0,2008,106250
521,20,11988,90.0,6,1957,1244,336,2007,150000
522,50,5000,50.0,6,1947,1664,420,2006,159000
523,60,40094,130.0,10,2007,4676,884,2007,184750
524,60,11787,95.0,7,1996,2398,834,2007,315750
525,20,7500,62.0,7,2005,1266,453,2006,176000
526,20,13300,70.0,5,1956,928,252,2007,132000
527,60,14948,67.0,9,2008,2713,858,2008,446261
528,30,9098,58.0,4,1920,605,0,2007,86000
529,20,32668,70.04995836802665,6,1957,2515,484,2007,200624
530,80,10200,85.0,6,1988,1509,600,2008,175000
531,70,6155,60.0,6,1920,1362,502,2008,128000
532,20,7200,60.0,5,1955,827,392,2010,107500
533,20,5000,50.0,1,1946,334,0,2007,39300
534,60,9056,74.0,8,2004,1414,403,2006,178000
535,190,7000,70.0,5,1910,1347,0,2008,107500
536,60,8924,57.0,7,1998,1724,527,2008,188000
537,20,12735,70.04995836802665,4,1972,864,576,2008,111250
538,20,11553,70.04995836802665,5,1968,1159,336,2006,158000
539,20,11423,70.04995836802665,8,2001,1601,670,2010,272000
540,20,14601,85.0,9,2006,1838,765,2009,315000
541,60,11000,70.04995836802665,8,2000,2285,648,2007,248000
542,20,10140,78.0,7,1998,1680,583,2009,213250
543,120,4058,34.0,7,1998,767,367,2007,133000
544,60,17104,58.0,7,2006,1496,426,2006,179665
545,50,13837,70.04995836802665,7,1988,2183,786,2006,229000
546,50,8737,70.0,6,1923,1635,440,2007,210000
547,85,7244,54.0,5,1970,768,624,2007,129500
548,20,8235,49.0,5,1955,825,720,2008,125000
549,60,9375,75.0,7,2003,2094,615,2009,263000
550,120,4043,53.0,6,1977,1069,440,2008,140000
551,20,6000,50.0,5,1957,928,288,2008,112500
552,20,11146,87.0,8,2006,1717,908,2009,255500
553,20,8777,67.0,4,1949,1126,520,2009,108000
554,60,10625,85.0,7,2003,2046,871,2008,284000
555,45,6380,58.0,5,1922,1048,280,2006,113000
556,20,14850,69.0,5,1957,1092,299,2006,141000
557,50,11040,60.0,4,1920,1336,570,2006,108000
558,60,21872,57.0,7,1996,1446,406,2008,175000
559,120,3196,70.04995836802665,7,2003,1557,420,2006,234000
560,20,11341,70.04995836802665,5,1957,1392,528,2010,121500
561,20,10010,77.0,5,1974,1389,418,2006,170000
562,30,13907,63.0,5,1940,996,0,2008,108000
563,50,21780,66.0,6,1918,1674,396,2008,185000
564,60,13346,70.04995836802665,7,1992,2295,590,2006,268000
565,70,6858,66.0,6,1915,1647,216,2010,128000
566,60,11198,77.0,9,2005,2504,656,2008,325000
567,20,10171,70.0,7,2004,1535,532,2010,214000
568,50,12327,79.0,8,1983,2132,612,2009,316600
569,90,7032,70.04995836802665,5,1979,943,600,2006,135960
570,90,13101,74.0,5,1965,1728,576,2008,142600
571,20,7332,60.0,6,1959,864,288,2006,120000
572,60,13159,83.0,7,2009,1692,650,2009,224500
573,80,9967,76.0,7,2000,1430,400,2007,170000
574,80,10500,70.0,5,1971,1109,288,2007,139000
575,50,8480,80.0,5,1947,1216,336,2008,118500
576,50,6292,52.0,7,1928,1477,216,2009,145000
577,80,11777,96.0,5,1966,1320,564,2006,164500
578,160,3604,34.0,7,2007,1392,540,2008,146000
579,50,12150,81.0,5,1954,1795,352,2008,131500
580,20,14585,70.04995836802665,6,1960,1429,572,2007,181900
581,20,12704,98.0,8,2008,2042,1390,2009,253293
582,90,11841,81.0,6,1990,816,0,2007,118500
583,75,13500,75.0,10,1893,2775,880,2008,325000
584,50,6120,51.0,4,1935,1573,240,2009,133000
585,20,11443,88.0,8,2005,2028,880,2006,369900
586,30,10267,55.0,6,1918,838,275,2008,130000
587,85,8740,74.0,5,1982,860,528,2009,137000
588,20,25095,65.0,5,1968,1473,452,2009,143000
589,40,9100,50.0,5,1930,935,308,2008,79500
590,60,8320,64.0,7,2004,1582,520,2008,185900
591,60,13478,97.0,10,2008,2296,842,2009,451950
592,20,6600,60.0,5,1982,816,816,2008,138000
593,120,4435,70.04995836802665,6,2003,848,420,2009,140000
594,20,7990,88.0,5,1975,924,280,2008,110000
595,20,11302,69.0,8,2005,1826,758,2006,319000
596,70,3600,60.0,6,1910,1368,216,2006,114504
597,120,3922,53.0,7,2006,1402,648,2007,194201
598,20,12984,80.0,5,1977,1647,621,2006,217500
599,160,1950,24.0,6,1980,1556,452,2008,151000
600,60,10927,74.0,8,2005,1904,736,2006,275000
601,50,9000,50.0,6,1937,1375,544,2007,141000
602,60,10041,80.0,8,1992,1915,506,2006,220000
603,160,3182,30.0,7,2004,1200,480,2010,151000
604,20,12803,88.0,7,2002,1494,530,2008,221000
605,60,13600,85.0,7,1965,1986,486,2009,205000
606,20,12464,82.0,5,1996,1040,576,2009,152000
607,20,7800,78.0,5,1948,2008,230,2006,225000
608,70,12168,78.0,8,1934,3194,380,2007,359100
609,20,7943,61.0,4,1961,1029,261,2007,118500
610,60,11050,70.04995836802665,9,2000,2153,736,2009,313000
611,80,10395,70.04995836802665,6,1978,1032,564,2007,148000
612,60,11885,70.04995836802665,8,2001,1872,531,2009,261500
613,20,8402,70.0,5,2007,1120,0,2007,147000
614,180,1491,21.0,4,1972,630,0,2010,75500
615,85,8800,80.0,6,1963,1054,480,2010,137500
616,60,7861,70.04995836802665,6,2002,1509,393,2006,183200
617,45,7227,59.0,6,1954,832,528,2008,105500
618,20,11694,90.0,9,2007,1828,774,2007,314813
619,60,12244,85.0,8,2003,2262,749,2008,305000
620,30,8248,45.0,3,1914,864,0,2008,67000
621,60,10800,90.0,6,1974,2614,624,2008,240000
622,20,7064,71.0,5,1977,980,484,2009,135000
623,160,2117,70.04995836802665,6,2000,1512,440,2007,168500
624,60,10400,80.0,6,1972,1790,484,2006,165150
625,20,10000,87.0,6,1962,1116,440,2010,160000
626,20,12342,70.04995836802665,5,1960,1422,286,2007,139900
627,80,9600,80.0,6,1955,1520,364,2010,153000
628,60,11606,70.0,5,1969,2080,504,2007,135000
629,80,9020,82.0,6,1964,1350,520,2008,168500
630,70,9000,50.0,5,1880,1750,240,2006,124000
631,120,4590,34.0,8,2006,1554,627,2007,209500
632,20,11900,85.0,7,1977,1411,544,2009,82500
633,20,9250,80.0,5,1954,1056,260,2007,139400
634,90,6979,64.0,6,1980,1056,576,2010,144000
635,190,10896,60.0,6,1914,3395,0,2007,200000
636,30,6120,51.0,2,1936,800,0,2009,60000
637,190,6000,50.0,5,1954,1387,256,2009,93000
638,30,8777,67.0,5,1910,796,0,2008,85000
639,120,3982,53.0,8,2006,1567,648,2006,264561
640,120,12677,62.0,8,2003,1518,588,2008,274000
641,60,7050,70.04995836802665,7,2001,1929,650,2007,226000
642,80,13860,75.0,8,1972,2704,538,2009,345000
643,60,10793,80.0,5,1969,1620,462,2007,152000
644,20,9187,85.0,9,2009,1766,478,2009,370878
645,20,10530,70.04995836802665,6,1971,981,576,2007,143250
646,20,7200,60.0,5,1950,1048,420,2008,98300
647,20,10452,85.0,6,1953,1094,495,2008,155000
648,60,7700,70.0,6,1966,1839,442,2010,155000
649,180,1936,21.0,4,1970,630,0,2007,84500
650,60,8125,65.0,7,2007,1665,562,2008,205950
651,70,9084,60.0,4,1940,1510,296,2009,108000
652,60,8750,70.0,7,1996,1716,512,2009,191000
653,50,10320,60.0,6,1906,1469,216,2008,135000
654,20,10437,91.0,8,1995,2113,839,2008,350000
655,160,1680,21.0,6,1971,1092,264,2010,88000
656,20,10007,72.0,5,1959,1053,312,2008,145500
657,70,7200,60.0,7,1931,1502,270,2008,149000
658,50,17503,78.0,6,1948,1458,330,2010,97500
659,20,9937,75.0,5,1964,1486,480,2009,167000
660,60,12384,70.04995836802665,7,1976,1935,550,2007,197900
661,60,46589,52.0,8,1994,2448,711,2009,402000
662,20,13560,120.0,6,1968,1392,576,2009,110000
663,85,10012,90.0,4,1972,1181,588,2008,137500
664,20,20896,49.0,8,2005,2097,1134,2006,423000
665,60,11194,106.0,8,2000,1936,504,2006,230500
666,60,18450,70.04995836802665,6,1965,2380,596,2007,129000
667,20,8125,65.0,6,1994,1679,575,2008,193500
668,20,14175,70.04995836802665,5,1956,1437,576,2006,168000
669,30,11600,80.0,4,1922,1180,252,2006,137500
670,60,8633,64.0,6,2005,1476,540,2009,173500
671,70,6629,54.0,6,1925,1369,300,2009,103600
672,20,11250,70.04995836802665,6,1977,1208,546,2006,165000
673,20,14442,110.0,6,1957,1839,416,2007,257500
674,20,9200,80.0,6,1965,1136,384,2008,140000
675,160,2289,24.0,6,1978,1441,440,2009,148500
676,70,9600,60.0,4,1900,1774,779,2006,87000
677,30,9022,52.0,5,1924,792,240,2009,109500
678,20,11844,80.0,8,2008,2046,834,2009,372500
679,20,9945,70.04995836802665,5,1961,988,572,2007,128500
680,120,8012,50.0,6,1980,923,264,2010,143000
681,50,4500,55.0,5,1932,1520,281,2009,159434
682,120,2887,70.04995836802665,6,1996,1291,431,2008,173000
683,20,11248,90.0,9,2002,1668,702,2007,285000
684,60,16770,58.0,7,1998,1839,486,2010,221000
685,160,5062,70.04995836802665,7,1984,2090,577,2007,207500
686,60,10207,84.0,7,2007,1761,578,2007,227875
687,160,5105,70.04995836802665,7,2004,1102,480,2007,148800
688,20,8089,60.0,8,2007,1419,567,2007,392000
689,120,7577,61.0,6,2005,1362,460,2007,194700
690,120,4426,70.04995836802665,6,2004,848,420,2008,141000
691,60,21535,104.0,10,1994,4316,832,2007,755000
692,60,26178,42.0,7,1989,2519,628,2006,335000
693,30,5400,60.0,5,1921,1073,326,2006,108480
694,50,6120,51.0,5,1936,1539,576,2009,141500
695,20,13811,54.0,6,1987,1137,551,2006,176000
696,30,6000,50.0,5,1921,616,205,2006,89000
697,20,6420,57.0,5,1952,1148,308,2006,123500
698,20,8450,65.0,5,1965,894,336,2010,138500
699,120,4282,59.0,7,2004,1391,530,2008,196000
700,20,14331,85.0,8,2002,1800,765,2006,312500
701,20,9600,80.0,7,1969,1164,528,2006,140000
702,60,12438,82.0,8,2006,2576,666,2006,361919
703,190,7630,76.0,5,1900,1812,672,2010,140000
704,20,8400,70.0,7,2004,1484,606,2010,213000
705,190,5600,70.0,4,1930,1092,0,2010,55000
706,20,115149,70.04995836802665,7,1971,1824,739,2007,302000
707,120,6240,48.0,8,2006,1324,550,2009,254000
708,60,9018,65.0,7,2007,1456,400,2007,179540
709,20,7162,70.04995836802665,5,1966,904,408,2008,109900
710,30,4130,56.0,3,1935,729,0,2008,52000
711,50,8712,66.0,4,1900,1178,384,2010,102776
712,120,4671,40.0,8,1988,1228,472,2008,189000
713,190,9873,60.0,4,1970,960,576,2006,129000
714,60,13517,70.04995836802665,6,1976,1479,475,2010,130500
715,20,10140,78.0,6,1974,1350,478,2009,165000
716,70,10800,60.0,7,1890,2554,704,2007,159500
717,20,10000,80.0,5,1973,1178,439,2008,157000
718,60,10542,96.0,7,1993,2418,983,2008,341000
719,20,9920,69.0,5,1969,971,300,2006,128500
720,120,6563,70.04995836802665,8,1985,1742,564,2006,275000
721,120,4426,70.04995836802665,6,2004,848,420,2010,143000
722,20,8120,70.0,4,1970,864,463,2009,124500
723,50,8172,60.0,4,1954,1470,548,2008,135000
724,20,13286,86.0,9,2007,1698,768,2009,320000
725,20,6960,60.0,4,1970,864,660,2009,120500
726,20,21695,70.04995836802665,6,1988,1680,540,2009,222000
727,20,7314,64.0,7,2007,1232,632,2009,194500
728,90,11475,85.0,5,1958,1776,888,2009,110000
729,30,6240,52.0,4,1925,1208,539,2009,103000
730,120,5389,39.0,8,1995,1616,608,2010,236500
731,80,9590,73.0,7,2003,1146,438,2007,187500
732,60,11404,75.0,7,1998,2031,541,2008,222500
733,20,10000,80.0,5,1961,1144,264,2009,131400
734,20,8978,70.04995836802665,5,1968,948,300,2007,108000
735,75,10800,60.0,7,1914,1768,320,2006,163000
736,90,8544,60.0,3,1950,1040,400,2006,93500
737,60,10463,72.0,8,2005,1801,800,2006,239900
738,90,10800,60.0,5,1987,1200,0,2009,179000
739,60,9313,65.0,7,2004,1728,572,2009,190000
740,70,9600,60.0,5,1910,1432,360,2007,132000
741,20,6768,65.0,6,1961,912,288,2008,142000
742,20,8450,65.0,7,2000,1349,539,2007,179000
743,80,12886,70.0,5,1963,1464,480,2009,175000
744,120,5395,41.0,8,1993,1337,462,2008,180000
745,60,8963,70.04995836802665,8,1976,2715,831,2008,299800
746,60,8795,70.04995836802665,7,2000,2256,554,2009,236000
747,70,11700,65.0,7,1880,2640,864,2009,265979
748,20,10593,59.0,7,1996,1720,527,2010,260400
749,50,8405,50.0,4,1945,1529,240,2009,98000
750,50,8800,55.0,4,1910,1140,0,2010,96500
751,60,7750,70.04995836802665,7,2003,1320,400,2007,162000
752,20,9236,79.0,6,1997,1494,576,2006,217000
753,60,10240,80.0,8,2005,2098,878,2006,275500
754,20,7930,61.0,6,1969,1026,440,2009,156000
755,160,3230,34.0,6,1999,1471,440,2009,172500
756,60,10769,68.0,8,2007,1768,578,2009,212000
757,60,11616,70.04995836802665,6,1978,1386,440,2010,158900
758,160,2280,24.0,7,1999,1501,440,2008,179400
759,60,12257,65.0,8,1995,2531,752,2007,290000
760,20,9100,70.0,6,1959,864,300,2009,127500
761,30,6911,60.0,5,1924,1301,440,2009,100000
762,60,8640,72.0,7,2009,1547,614,2010,215200
763,60,9430,82.0,8,1999,2365,856,2009,337000
764,120,9549,30.0,8,1995,1494,481,2006,270000
765,20,14587,75.0,9,2008,1506,592,2008,264132
766,60,10421,80.0,7,1988,1714,496,2010,196500
767,50,12508,75.0,6,1940,1750,423,2008,160000
768,20,9100,70.0,7,2004,1836,484,2006,216837
769,60,53504,47.0,8,2003,3279,841,2010,538000
770,85,7252,70.04995836802665,5,1982,858,576,2009,134900
771,20,8877,67.0,4,1951,1220,396,2006,102000
772,80,7819,94.0,6,1976,1117,672,2010,107000
773,20,10150,70.0,5,1958,912,275,2007,114500
774,20,14226,110.0,8,2006,1973,895,2007,395000
775,120,4500,32.0,6,1998,1204,412,2009,162000
776,20,11210,86.0,7,2005,1614,865,2006,221500
777,20,13350,100.0,5,1974,894,440,2006,142500
778,90,8400,60.0,5,1977,2020,630,2007,144000
779,90,10530,78.0,6,1977,1004,504,2006,135000
780,20,7875,63.0,7,1995,1253,402,2007,176000
781,60,7153,65.0,6,1992,1603,484,2006,175900
782,20,16285,67.0,7,2001,1430,605,2009,187100
783,85,9101,70.04995836802665,5,1978,1110,602,2009,165500
784,75,6300,35.0,6,1914,1484,0,2008,128000
785,20,9790,70.04995836802665,6,1967,1342,457,2009,161500
786,50,10800,60.0,5,1915,1652,416,2010,139000
787,60,10142,76.0,7,2004,2084,618,2010,233000
788,20,6000,50.0,4,1954,901,281,2008,107900
789,60,12205,70.04995836802665,6,1966,2087,444,2007,187500
790,120,3182,43.0,7,2005,1145,397,2009,160200
791,80,11333,70.04995836802665,6,1976,1062,539,2007,146800
792,60,9920,92.0,7,1996,2013,455,2007,269790
793,20,9158,76.0,8,2007,1496,474,2007,225000
794,60,10832,70.04995836802665,7,1994,1895,409,2008,194500
795,60,8400,70.0,6,1980,1564,476,2010,171000
796,20,8197,71.0,6,1977,1285,528,2007,143500
797,20,7677,57.0,5,1953,773,240,2008,110000
798,60,13518,104.0,9,2008,3140,820,2009,485000
799,50,7200,60.0,5,1937,1768,240,2007,175000
800,60,12798,79.0,6,1997,1688,603,2008,200000
801,30,4800,40.0,4,1916,1196,440,2007,109900
802,60,8199,63.0,7,2005,1456,410,2008,189000
803,60,13891,107.0,9,2008,2822,1020,2009,582933
804,20,9000,75.0,5,1954,1128,286,2006,118000
805,20,12274,91.0,7,2008,1428,554,2008,227680
806,80,9750,75.0,5,1967,980,384,2006,135500
807,70,21384,144.0,5,1923,1576,528,2009,223500
808,80,13400,85.0,5,1966,1086,484,2006,159950
809,75,8100,90.0,5,1898,2138,360,2009,106000
810,20,10140,78.0,6,1974,1309,484,2006,181000
811,120,4438,70.04995836802665,6,2004,848,420,2008,144500
812,20,8712,66.0,5,1952,1044,504,2010,55993
813,20,9750,75.0,6,1958,1442,301,2007,157900
814,50,8248,45.0,5,1918,1250,280,2006,116000
815,20,12137,48.0,7,1998,1661,598,2010,224900
816,20,11425,70.04995836802665,5,1954,1008,275,2006,137000
817,20,13265,70.04995836802665,8,2002,1689,857,2008,271000
818,80,8816,80.0,6,1971,1052,440,2010,155000
819,120,6371,44.0,7,2009,1358,484,2010,224000
820,60,7226,72.0,7,2003,1640,595,2008,183000
821,20,6000,60.0,4,1953,936,576,2009,93000
822,60,12394,70.04995836802665,7,2003,1733,433,2007,225000
823,50,9900,60.0,6,1940,1489,240,2009,139500
824,20,11216,81.0,8,2006,1489,776,2006,232600
825,20,14803,114.0,10,2007,2084,1220,2008,385000
826,45,6130,50.0,5,1924,784,0,2008,109500
827,20,8529,65.0,7,2001,1434,527,2009,189000
828,60,28698,70.04995836802665,5,1967,2126,538,2009,185000
829,160,2544,24.0,7,2005,1223,480,2006,147400
830,20,11900,80.0,6,1957,1392,458,2008,166000
831,160,3180,30.0,7,2005,1200,480,2006,151000
832,60,9548,44.0,7,2003,1829,613,2010,237000
833,20,10004,100.0,6,1964,1516,472,2009,167000
834,20,7875,75.0,5,1961,1144,456,2008,139950
835,20,9600,60.0,4,1950,1067,436,2010,128000
836,30,8100,90.0,5,1948,1559,812,2007,153500
837,160,1680,21.0,6,1973,987,264,2008,100000
838,20,9525,75.0,5,1995,1099,352,2008,144000
839,50,11767,70.0,5,1946,1200,240,2008,130500
840,70,12155,70.04995836802665,6,1925,1482,400,2008,140000
841,70,10440,60.0,5,1904,1539,686,2008,157500
842,80,9020,82.0,6,1966,1165,490,2008,174900
843,90,8000,80.0,5,1961,1800,0,2007,141000
844,50,12665,100.0,5,1915,1416,720,2008,153900
845,85,16647,70.04995836802665,5,1975,1701,611,2007,171000
846,60,9317,75.0,7,1993,1775,425,2009,213000
847,20,15523,36.0,5,1972,864,338,2009,133500
848,50,45600,75.0,6,1908,2358,360,2008,240000
849,80,9600,80.0,6,1976,1855,512,2007,187000
850,120,4435,36.0,6,2003,848,420,2007,131500
851,120,3196,70.04995836802665,8,2003,1456,400,2006,215000
852,75,7128,53.0,7,1941,1646,240,2007,164000
853,80,12095,70.04995836802665,6,1964,1445,645,2009,158000
854,20,17920,102.0,5,1955,1779,454,2006,170000
855,20,6897,70.04995836802665,5,1962,1040,260,2010,127000
856,80,10970,70.04995836802665,6,1978,1026,576,2008,147000
857,60,8125,65.0,6,1994,1481,343,2009,174000
858,20,10400,80.0,7,1976,1370,479,2009,152000
859,60,11029,70.04995836802665,6,1968,2654,619,2006,250000
860,50,7642,55.0,7,1918,1426,216,2007,189950
861,190,11625,75.0,5,1965,1039,504,2010,131500
862,20,9672,81.0,6,1984,1097,480,2010,152000
863,20,7931,70.0,5,1959,1148,672,2009,132500
864,20,8640,72.0,7,2007,1372,529,2008,250580
865,20,8750,70.04995836802665,5,1970,1002,902,2009,148500
866,20,10656,67.0,8,2006,1646,870,2007,248900
867,20,6970,85.0,4,1961,1120,544,2007,129000
868,60,14762,70.04995836802665,5,1948,2320,672,2006,169000
869,60,9938,80.0,7,1993,1949,574,2010,236000
870,20,6600,60.0,5,1962,894,308,2009,109500
871,60,8750,70.0,6,1998,1682,523,2010,200500
872,20,8892,74.0,5,1953,910,414,2008,116000
873,40,12144,60.0,5,1949,1268,288,2009,133000
874,50,5720,52.0,5,1941,1131,200,2009,66500
875,60,9000,75.0,8,2007,2610,550,2007,303477
876,20,25286,94.0,4,1963,1040,648,2007,132250
877,60,8834,74.0,9,2004,2224,738,2009,350000
878,85,11782,88.0,5,1961,1155,576,2010,148000
879,20,7000,70.04995836802665,5,1978,864,336,2009,136500
880,20,7024,60.0,5,2005,1090,450,2007,157000
881,50,13758,44.0,7,1990,1717,400,2007,187500
882,60,9636,70.04995836802665,6,1992,1593,389,2009,178000
883,75,6204,60.0,4,1912,2230,440,2006,118500
884,20,7150,65.0,5,1967,892,288,2009,100000
885,120,5119,50.0,9,1999,1709,506,2008,328900
886,90,8393,70.0,5,1959,1712,588,2006,145000
887,50,16466,59.0,5,1955,1393,300,2008,135500
888,20,15865,95.0,8,1970,2217,621,2007,268000
889,20,12160,128.0,6,1953,1505,505,2009,149500
890,50,8064,60.0,5,1949,924,576,2007,122900
891,60,11184,70.0,6,1978,1683,440,2009,172500
892,20,8414,70.0,6,1963,1068,264,2006,154500
893,20,13284,70.04995836802665,5,1954,1383,354,2008,165000
894,90,7018,64.0,5,1979,1535,400,2009,118858
895,60,7056,71.0,6,1963,1796,483,2008,140000
896,30,8765,50.0,4,1936,951,327,2006,106500
897,90,7018,64.0,5,1979,2240,528,2009,142953
898,20,12919,100.0,9,2009,2364,820,2010,611657
899,20,6993,65.0,5,1961,1236,288,2006,135000
900,20,7340,70.04995836802665,4,1971,858,684,2007,110000
901,20,8712,64.0,5,1957,1306,756,2009,153000
902,60,7875,63.0,7,2003,1509,393,2006,180000
903,20,14859,50.0,7,2006,1670,690,2006,240000
904,20,6173,70.04995836802665,5,1967,902,288,2007,125500
905,20,9920,80.0,5,1954,1063,280,2010,128000
906,20,13501,116.0,8,2006,1636,865,2007,255000
907,50,11500,86.0,7,1936,2057,180,2006,250000
908,20,8885,70.04995836802665,5,1983,902,484,2006,131000
909,60,12589,149.0,6,2005,1484,390,2009,174000
910,90,11600,80.0,5,1960,2274,480,2010,154300
911,20,9286,70.04995836802665,5,1977,1268,252,2009,143500
912,30,6120,51.0,5,1925,1015,450,2006,88000
913,90,6270,82.0,5,1949,2002,871,2007,145000
914,160,3000,30.0,6,2009,1224,528,2009,173733
915,160,2001,21.0,4,1970,1092,286,2007,75000
916,20,9000,50.0,2,1949,480,308,2006,35311
917,20,17140,70.04995836802665,4,1956,1229,284,2009,135000
918,60,13125,103.0,7,1991,2127,833,2007,238000
919,20,11029,87.0,6,1958,1414,601,2008,176500
920,60,8462,70.0,6,1994,1721,471,2007,201000
921,90,8777,67.0,5,1900,2200,0,2008,145900
922,20,10237,65.0,6,2005,1316,397,2006,169990
923,120,8012,50.0,6,1993,1617,533,2008,193000
924,20,10240,79.0,6,1980,1686,612,2006,207500
925,20,15611,70.04995836802665,5,1977,1126,540,2008,175000
926,60,11999,93.0,8,2003,2374,656,2007,285000
927,60,9900,70.04995836802665,7,1968,1978,486,2008,176000
928,20,11838,70.04995836802665,8,2001,1788,522,2009,236500
929,60,13006,70.04995836802665,7,1997,2236,642,2006,222000
930,20,8925,73.0,8,2007,1466,610,2009,201000
931,20,9100,70.0,5,1965,925,429,2009,117500
932,20,11670,84.0,9,2006,1905,788,2007,320000
933,20,8487,63.0,7,2004,1500,570,2009,190000
934,20,27650,313.0,7,1960,2069,505,2008,242000
935,30,5825,52.0,4,1926,747,528,2006,79900
936,20,10083,67.0,7,2003,1200,555,2009,184900
937,60,9675,75.0,7,2005,1971,689,2009,253000
938,60,8760,73.0,7,2006,1962,868,2006,239799
939,70,24090,70.04995836802665,7,1940,2403,349,2010,244400
940,90,12640,55.0,6,1976,1728,574,2006,150900
941,60,8755,70.04995836802665,7,1999,2060,390,2009,214000
942,90,7711,42.0,4,1977,1440,0,2007,150000
943,90,25000,100.0,5,1967,1632,576,2007,143000
944,20,14375,70.04995836802665,6,1958,1344,525,2009,137500
945,50,8820,98.0,5,1890,1869,456,2009,124900
946,80,8163,70.0,5,1959,1144,796,2006,143000
947,20,14536,85.0,8,2002,1629,808,2007,270000
948,60,14006,65.0,7,2002,1776,474,2006,192500
949,20,9360,78.0,6,1972,1381,676,2010,197500
950,20,7200,60.0,5,1950,864,720,2007,129000
951,20,7800,60.0,5,1965,965,300,2006,119900
952,85,7200,60.0,5,1972,768,396,2009,133900
953,60,11075,70.04995836802665,5,1969,1968,530,2008,172000
954,90,9400,35.0,6,1975,980,0,2006,127500
955,90,7136,82.0,6,1946,1958,492,2007,145000
956,160,1300,24.0,6,1980,1229,462,2009,124000
957,20,7420,70.0,5,1962,1057,576,2007,132000
958,20,8450,65.0,7,2003,1337,531,2007,185000
959,160,2572,24.0,7,1999,1416,484,2010,155000
960,20,7207,50.0,5,1958,858,0,2010,116500
961,60,12227,70.04995836802665,6,1977,2872,619,2008,272000
962,160,2308,24.0,6,1976,1548,440,2007,155000
963,20,11923,122.0,9,2007,1800,702,2009,239000
964,60,11316,80.0,7,2002,1894,510,2010,214900
965,60,10237,65.0,6,2005,1484,393,2007,178900
966,50,9600,130.0,5,1940,1308,256,2009,160000
967,20,7390,70.04995836802665,5,1955,1098,260,2008,135000
968,50,5925,50.0,3,1910,968,0,2009,37900
969,190,10382,75.0,6,1958,1095,264,2006,140000
970,50,10800,60.0,4,1949,1192,0,2006,135000
971,160,2268,36.0,7,2003,1626,474,2009,173000
972,120,7892,55.0,6,1979,918,264,2010,99500
973,20,11639,95.0,7,2007,1428,480,2008,182000
974,70,11414,60.0,7,1910,2019,532,2009,167500
975,160,2651,70.04995836802665,7,2000,1382,490,2006,165000
976,30,5900,51.0,4,1923,869,0,2006,85500
977,120,4274,35.0,7,2006,1241,569,2007,199900
978,20,9450,68.0,4,1954,894,400,2007,110000
979,20,8816,80.0,5,1963,1121,480,2009,139000
980,85,12122,70.04995836802665,7,1961,999,588,2008,178400
981,60,12203,98.0,8,1998,2612,676,2009,336000
982,20,3182,43.0,7,2007,1266,388,2008,159895
983,60,11250,70.04995836802665,8,2002,2290,779,2008,255900
984,90,10125,75.0,5,1977,1734,539,2009,126000
985,190,10880,68.0,5,1950,1164,240,2008,125000
986,50,5310,59.0,6,1910,1635,255,2006,117000
987,20,10159,83.0,9,2009,1940,606,2010,395192
988,60,12046,70.04995836802665,6,1976,2030,551,2007,195000
989,60,8125,65.0,7,2006,1576,614,2006,197000
990,60,9452,82.0,8,1997,2392,870,2006,348000
991,70,17671,121.0,8,1882,1742,424,2009,168000
992,60,9760,80.0,6,1964,1851,440,2007,187000
993,60,8846,68.0,6,2005,1500,564,2006,173900
994,20,12456,96.0,10,2006,1718,786,2009,337500
995,50,4712,51.0,4,1946,1230,305,2006,121600
996,20,10659,70.04995836802665,5,1961,1050,368,2006,136500
997,20,11717,70.04995836802665,6,1970,1442,615,2009,185000
998,30,9786,60.0,3,1922,1077,210,2006,91000
999,20,6762,64.0,7,2006,1208,632,2010,206000
1000,20,10206,74.0,3,1952,944,528,2009,82000
1001,30,5400,60.0,5,1920,691,216,2007,86000
1002,20,11957,75.0,8,2006,1574,824,2008,232000
1003,90,11500,70.04995836802665,5,1976,1680,528,2007,136905
1004,120,3182,43.0,7,2005,1504,457,2009,181000
1005,80,8385,65.0,5,1977,985,328,2008,149900
1006,20,12155,70.04995836802665,6,1970,1657,484,2007,163500
1007,160,2217,21.0,4,1970,1092,286,2009,88000
1008,20,12118,43.0,7,2004,1710,550,2009,240000
1009,50,6000,60.0,5,1926,1522,0,2006,102000
1010,50,21286,115.0,5,1948,1271,312,2008,135000
1011,90,9825,75.0,5,1965,1664,0,2010,100000
1012,70,10592,55.0,6,1923,1502,180,2007,165000
1013,30,7200,60.0,5,1910,1022,280,2009,85000
1014,20,11664,60.0,6,1948,1082,240,2007,119200
1015,60,8400,70.0,8,2001,1665,528,2009,227000
1016,20,11883,73.0,7,1996,1504,478,2009,203000
1017,120,5814,70.04995836802665,8,1984,1360,565,2009,187500
1018,80,10784,70.04995836802665,7,1991,1472,402,2007,160000
1019,120,3013,43.0,7,2005,1506,440,2006,213490
1020,20,7024,60.0,4,2005,1132,451,2008,176000
1021,20,7406,64.0,7,2006,1220,632,2006,194000
1022,50,9439,52.0,5,1930,1248,160,2007,87000
1023,120,3182,43.0,7,2005,1504,437,2008,191000
1024,20,15498,70.04995836802665,8,1976,2898,665,2008,287000
1025,20,7700,70.0,5,1972,882,461,2007,112500
1026,20,9300,73.0,5,1960,1264,461,2010,167500
1027,20,9520,71.0,8,2007,1646,800,2008,293077
1028,50,9492,79.0,5,1941,1376,240,2007,105000
1029,160,1680,21.0,6,1972,1218,264,2006,118000
1030,190,7082,70.04995836802665,5,1916,1928,0,2006,160000
1031,75,15863,102.0,7,1920,3082,672,2009,197000
1032,60,14541,70.04995836802665,8,1993,2520,796,2006,310000
1033,20,8125,70.04995836802665,7,2002,1654,900,2006,230000
1034,30,6305,50.0,5,1938,954,240,2007,119750
1035,20,11500,70.04995836802665,4,1957,845,290,2009,84000
1036,20,12898,89.0,9,2007,1620,912,2009,315500
1037,60,9240,70.04995836802665,8,2001,2263,905,2008,287000
1038,160,1533,21.0,4,1970,1344,0,2009,97000
1039,180,1477,21.0,4,1970,630,286,2009,80000
1040,20,13125,88.0,5,1957,1803,484,2006,155000
1041,60,9130,70.04995836802665,6,1966,1632,484,2008,173000
1042,120,5381,34.0,6,2005,1306,624,2009,196000
1043,60,11839,86.0,7,1990,2329,514,2008,262280
1044,20,9600,80.0,8,1981,2524,542,2009,278000
1045,20,13680,70.04995836802665,3,1955,1733,452,2009,139600
1046,60,16056,85.0,9,2005,2868,716,2006,556581
1047,20,9245,57.0,5,1994,990,672,2008,145000
1048,20,21750,100.0,5,1960,1771,336,2009,115000
1049,20,11100,60.0,4,1946,930,308,2010,84900
1050,20,8993,73.0,7,2007,1302,436,2007,176485
1051,20,11175,103.0,7,2007,1316,440,2007,200141
1052,60,9500,100.0,6,1964,1977,540,2007,165000
1053,20,8562,68.0,5,1957,1526,364,2010,144500
1054,60,11367,90.0,8,2002,1989,586,2006,255000
1055,20,11361,104.0,6,1976,1523,478,2008,180000
1056,120,7052,43.0,7,2005,1364,484,2006,185850
1057,60,29959,70.04995836802665,7,1994,1850,467,2009,248000
1058,60,11308,96.0,9,2008,2184,836,2009,335000
1059,50,11275,70.04995836802665,6,1932,1991,432,2007,220000
1060,120,4920,41.0,8,2001,1338,582,2010,213500
1061,30,18000,120.0,3,1935,894,1248,2008,81000
1062,190,13600,85.0,5,1900,2337,560,2007,90000
1063,30,6000,50.0,6,1925,1103,440,2006,110500
1064,20,11000,70.04995836802665,5,1966,1154,480,2009,154000
1065,60,14000,80.0,7,1996,2260,533,2010,328000
1066,60,7837,59.0,6,1993,1571,380,2009,178000
1067,60,9760,80.0,6,1964,1611,442,2008,167900
1068,160,3964,42.0,6,1973,2521,576,2006,151400
1069,45,9600,60.0,5,1949,893,576,2007,135000
1070,20,10152,72.0,5,1956,1048,286,2007,135000
1071,60,11700,78.0,6,1968,1556,441,2009,154000
1072,50,7585,50.0,5,1948,1456,280,2006,91500
1073,60,7950,75.0,6,1977,1426,440,2009,159500
1074,20,8556,74.0,7,2006,1240,826,2007,194000
1075,70,13125,75.0,7,1940,1740,240,2007,219500
1076,50,10800,60.0,5,1936,1466,566,2006,170000
1077,20,15870,70.04995836802665,5,1969,1096,299,2006,138800
1078,120,4435,37.0,6,2004,848,420,2006,155900
1079,20,8775,65.0,5,1994,990,299,2007,126000
1080,20,11040,80.0,6,1971,1258,528,2008,145000
1081,20,7500,75.0,5,1963,1040,308,2010,133000
1082,20,8749,70.0,7,2002,1459,527,2007,192000
1083,20,8800,80.0,6,1964,1251,461,2006,160000
1084,60,13031,70.04995836802665,6,1995,1498,409,2006,187500
1085,85,9069,73.0,6,1992,996,564,2010,147000
1086,160,1974,70.04995836802665,4,1973,1092,286,2010,83500
1087,60,10574,85.0,8,2005,1953,1043,2009,252000
1088,160,2522,24.0,7,2004,1709,380,2006,137500
1089,120,3316,37.0,8,2005,1247,550,2006,197000
1090,90,8544,60.0,3,1950,1040,400,2009,92900
1091,160,2160,24.0,7,1999,1252,462,2008,160000
1092,50,8400,60.0,6,1925,1694,576,2008,136500
1093,20,9230,71.0,5,1965,1200,884,2006,146000
1094,20,5868,74.0,5,1956,936,308,2010,129000
1095,20,9317,78.0,6,2006,1314,440,2007,176432
1096,70,6882,60.0,6,1914,1355,0,2007,127000
1097,120,3696,70.04995836802665,8,1986,1088,461,2007,170000
1098,50,6000,50.0,4,1936,1324,240,2009,128000
1099,20,11880,82.0,7,1978,1601,478,2009,157000
1100,30,8400,60.0,2,1920,438,246,2009,60000
1101,20,9758,61.0,5,1971,950,280,2007,119500
1102,20,7000,70.0,5,1960,1134,254,2007,135000
1103,20,8910,79.0,6,1959,1194,539,2006,159500
1104,160,2016,24.0,5,1970,1302,440,2007,106000
1105,60,12256,98.0,8,1994,2622,712,2010,325000
1106,20,10357,114.0,7,1990,1442,719,2007,179900
1107,60,23257,168.0,7,2006,2021,422,2006,274725
1108,60,8063,70.04995836802665,6,2000,1690,463,2007,181000
1109,20,11362,107.0,8,2004,1836,862,2009,280000
1110,60,8000,70.04995836802665,6,1995,1658,431,2008,188000
1111,60,10480,80.0,7,1976,1964,483,2008,205000
1112,20,7100,73.0,5,1957,816,308,2006,129900
1113,20,8923,66.0,5,1953,1008,240,2007,134500
1114,20,5400,90.0,5,1954,833,326,2006,117000
1115,20,12085,93.0,8,2007,1734,928,2007,318000
1116,80,7750,70.04995836802665,8,2002,1419,527,2009,184100
1117,20,9764,57.0,5,1967,894,450,2008,130000
1118,80,13825,85.0,5,1958,1601,300,2008,140000
1119,20,7560,70.0,5,1959,1040,286,2006,133700
1120,30,8263,59.0,6,1920,1012,308,2007,118400
1121,20,10084,84.0,7,2005,1552,782,2006,212900
1122,20,8926,70.04995836802665,4,1956,960,288,2009,112000
1123,20,9405,50.0,5,1947,698,0,2009,118000
1124,80,9125,70.04995836802665,7,1992,1482,392,2007,163900
1125,20,10434,60.0,4,1955,1005,672,2009,115000
1126,120,3684,53.0,7,2007,1555,660,2009,174000
1127,20,14572,182.0,7,2004,1530,630,2007,259000
1128,60,11796,59.0,7,2004,1959,434,2007,215000
1129,90,7200,60.0,5,1980,936,672,2007,140000
1130,50,7804,65.0,4,1928,1981,576,2009,135000
1131,20,10712,63.0,5,1991,974,0,2007,93500
1132,70,9900,90.0,6,1880,2210,205,2007,117500
1133,60,9828,80.0,8,1995,2020,466,2009,239500
1134,60,8773,57.0,6,1997,1600,460,2007,169000
1135,30,6180,60.0,6,1926,986,180,2007,102000
1136,50,9600,80.0,6,1950,1252,288,2008,119000
1137,50,6342,54.0,5,1875,1020,0,2010,94000
1138,20,9819,70.04995836802665,6,1977,1567,714,2009,196000
1139,30,8731,98.0,5,1920,1167,495,2007,144000
1140,20,7350,60.0,5,1951,952,840,2008,139000
1141,60,10304,70.04995836802665,5,1976,1868,484,2009,197500
1142,60,9965,77.0,8,2006,2828,1052,2007,424870
1143,20,9000,70.04995836802665,5,1959,1006,0,2008,80000
1144,190,12180,60.0,4,1941,924,280,2010,80000
1145,50,6240,52.0,5,1928,1576,225,2006,149000
1146,20,11200,70.04995836802665,6,1985,1298,403,2006,180000
1147,70,12000,75.0,7,1941,1564,234,2009,174500
1148,50,5700,70.04995836802665,7,1926,1111,288,2008,116900
1149,70,9000,50.0,7,1920,1482,324,2009,143000
1150,20,8280,57.0,6,1950,932,306,2007,124000
1151,20,17755,134.0,5,1959,1466,528,2006,149900
1152,20,14115,90.0,6,1956,1811,470,2006,230000
1153,30,5890,70.04995836802665,6,1930,816,432,2008,120500
1154,60,13700,70.04995836802665,7,1965,1820,492,2008,201800
1155,20,10768,90.0,5,1976,1437,528,2007,218000
1156,80,9350,85.0,5,1965,1265,502,2008,179900
1157,120,5001,34.0,7,2007,1314,626,2009,230000
1158,20,11932,92.0,8,2007,1580,830,2008,235128
1159,60,9120,76.0,6,1974,1876,540,2008,185000
1160,160,2280,24.0,6,1978,1456,440,2010,146000
1161,20,14778,70.04995836802665,6,1954,1640,924,2008,224000
1162,20,8724,109.0,5,1968,894,450,2007,129000
1163,90,12900,60.0,4,1969,1258,400,2008,108959
1164,80,16157,70.04995836802665,5,1978,1432,588,2007,194000
1165,20,9541,79.0,7,2009,1502,644,2009,233170
1166,20,10475,64.0,8,2008,1694,776,2010,245350
1167,60,10852,58.0,6,2000,1671,472,2006,173000
1168,70,13728,120.0,6,1935,2108,540,2008,235000
1169,60,35760,118.0,10,1995,3627,807,2006,625000
1170,80,9880,76.0,6,1977,1118,358,2008,171000
1171,20,9120,76.0,6,1958,1261,433,2008,163000
1172,160,4017,35.0,7,2006,1250,625,2008,171900
1173,50,18030,138.0,5,1946,3086,0,2007,200500
1174,70,16560,80.0,6,1932,2345,360,2006,239000
1175,50,10678,85.0,8,1992,2872,541,2007,285000
1176,20,6951,37.0,5,1984,923,264,2008,119500
1177,50,3950,70.04995836802665,6,1926,1224,210,2009,115000
1178,50,7681,54.0,5,1921,1343,186,2009,154900
1179,20,8335,77.0,5,1954,1124,0,2006,93000
1180,60,11170,70.04995836802665,7,1990,2514,693,2006,250000
1181,120,5587,64.0,8,2008,1652,482,2008,392500
1182,60,15623,160.0,10,1996,4476,813,2007,745000
1183,30,10800,60.0,5,1920,1130,720,2006,120000
1184,20,35133,50.0,5,1963,1572,995,2007,186700
1185,50,9738,60.0,5,1924,1221,392,2006,104900
1186,190,10615,107.0,3,1900,1699,420,2009,95000
1187,20,12461,89.0,8,1994,1624,757,2006,262000
1188,60,8935,68.0,7,2002,1660,493,2009,195000
1189,60,7500,60.0,7,1999,1804,442,2010,189000
1190,190,32463,70.04995836802665,4,1961,1622,1356,2007,168000
1191,160,2645,24.0,8,1999,1441,492,2007,174000
1192,50,9600,60.0,5,1925,1472,250,2007,125000
1193,120,4500,70.04995836802665,6,1999,1224,402,2009,165000
1194,60,9364,80.0,6,1969,1352,299,2010,158000
1195,60,8029,51.0,6,2005,1456,400,2008,176000
1196,60,14054,58.0,7,2006,1863,660,2006,219210
1197,75,8850,65.0,7,1916,1690,225,2006,144000
1198,20,9100,70.0,7,2001,1212,573,2009,178000
1199,20,11235,75.0,4,1963,1382,459,2006,148000
1200,20,9353,71.0,4,1970,864,280,2006,116050
1201,60,10400,80.0,7,1998,1779,546,2009,197900
1202,50,6000,50.0,5,1925,1348,216,2009,117000
1203,20,9750,75.0,7,2000,1630,451,2009,213000
1204,20,10140,78.0,5,1975,1074,495,2006,153500
1205,20,14684,90.0,7,1990,2196,701,2009,271900
1206,20,8900,70.04995836802665,4,1966,1056,384,2006,107000
1207,20,9135,70.0,6,2003,1700,544,2006,200000
1208,20,7763,70.0,5,1962,1283,506,2008,140000
1209,20,10182,85.0,8,2006,1660,500,2006,290000
1210,60,11218,70.0,6,1992,1845,462,2010,189000
1211,50,12134,152.0,8,1988,1752,492,2010,164000
1212,30,9340,50.0,4,1941,672,234,2009,113000
1213,80,10246,70.04995836802665,4,1965,960,364,2006,145000
1214,85,10205,69.0,5,1962,999,300,2006,134500
1215,20,7094,99.0,5,1966,894,384,2007,125000
1216,90,8930,68.0,6,1978,1902,539,2010,112000
1217,20,8640,72.0,8,2009,1314,552,2009,229456
1218,50,6240,52.0,4,1947,912,0,2006,80500
1219,160,1680,21.0,6,1971,1218,0,2006,91500
1220,20,7800,66.0,5,1964,912,288,2006,115000
1221,20,8250,55.0,5,1968,1211,322,2008,134000
1222,50,10496,78.0,6,1949,1846,315,2007,143000
1223,20,10680,89.0,5,1951,2136,528,2006,137900
1224,60,15384,60.0,7,2004,1490,388,2008,184000
1225,80,10482,65.0,6,1958,1138,264,2007,145000
1226,60,14598,86.0,6,2007,1933,668,2008,214000
1227,20,8872,72.0,5,1965,912,576,2008,147000
1228,120,8769,65.0,9,2008,1702,1052,2008,367294
1229,80,7910,70.0,5,1960,1507,404,2008,127000
1230,90,18890,70.04995836802665,5,1977,2620,600,2007,190000
1231,90,7728,70.0,5,1962,1190,540,2006,132500
1232,90,9842,70.0,4,1962,1224,462,2007,101800
1233,20,12160,70.04995836802665,5,1959,1188,531,2010,142000
1234,70,8525,55.0,5,1911,1964,0,2008,130000
1235,70,13132,96.0,5,1914,1784,180,2006,138887
1236,160,2628,36.0,7,2003,1626,474,2010,175500
1237,60,12393,41.0,7,2004,1948,434,2006,195000
1238,20,13072,63.0,6,2005,1141,484,2006,142500
1239,20,9037,64.0,8,2006,1484,472,2007,265900
1240,60,8158,65.0,7,2003,1768,543,2008,224900
1241,20,9849,83.0,7,2007,1689,954,2007,248328
1242,85,10625,85.0,7,1974,1173,528,2010,170000
1243,20,13891,107.0,10,2006,2076,850,2006,465000
1244,70,11435,70.04995836802665,8,1929,1517,400,2006,230000
1245,80,12090,78.0,6,1984,1868,477,2007,178000
1246,60,8125,65.0,7,2005,1553,615,2006,186500
1247,80,12328,70.04995836802665,6,1976,1034,888,2010,169900
1248,75,9600,60.0,6,1917,2058,396,2008,129500
1249,20,7200,60.0,5,1950,988,276,2007,119000
1250,20,11160,93.0,7,1968,2110,522,2010,244000
1251,120,3136,70.04995836802665,7,2003,1405,478,2006,171750
1252,20,9858,62.0,5,1968,874,288,2009,130000
1253,60,17542,70.04995836802665,7,1974,2167,518,2007,294000
1254,60,6931,60.0,7,2003,1656,397,2008,165400
1255,50,6240,52.0,6,1931,1367,560,2007,127500
1256,20,14303,91.0,8,1994,1987,691,2008,301500
1257,30,4060,56.0,5,1922,864,0,2009,99900
1258,80,9587,59.0,7,2005,1166,400,2008,190000
1259,20,9750,65.0,6,1969,1054,460,2008,151000
1260,60,24682,70.04995836802665,6,1999,1675,502,2009,181000
1261,20,9600,80.0,5,1956,1050,338,2009,128900
1262,50,11250,70.04995836802665,4,1957,1788,304,2009,161500
1263,70,13515,60.0,6,1919,1824,520,2007,180500
1264,120,4060,34.0,6,1998,1337,511,2008,181000
1265,160,3735,35.0,7,1999,1452,506,2006,183900
1266,190,10120,60.0,7,1910,1889,308,2007,122000
1267,20,13214,89.0,9,2008,2018,746,2010,378500
1268,50,14100,70.04995836802665,8,1935,3447,1014,2008,381000
1269,50,11344,78.0,5,1958,1524,315,2007,144000
1270,40,23595,70.04995836802665,7,1979,1524,586,2010,260000
1271,20,9156,70.04995836802665,6,1968,1489,462,2009,185750
1272,20,13526,70.04995836802665,5,1965,935,288,2006,137000
1273,80,11512,124.0,6,1959,1357,312,2008,177000
1274,50,5362,53.0,5,1910,1250,552,2007,139000
1275,90,11345,95.0,5,1948,1920,400,2007,137000
1276,60,12936,70.04995836802665,6,1972,1395,497,2009,162000
1277,80,17871,70.04995836802665,6,1967,1724,480,2009,197900
1278,60,9473,75.0,8,2002,2031,577,2008,237000
1279,50,7500,60.0,4,1920,1128,528,2010,68400
1280,20,9808,67.0,7,2002,1573,544,2009,227000
1281,20,8049,50.0,7,1990,1339,484,2006,180000
1282,20,8800,61.0,5,1977,1040,484,2009,150500
1283,90,9400,94.0,6,1971,1824,0,2010,139000
1284,50,9638,50.0,6,1919,2447,336,2010,169000
1285,50,6000,50.0,6,1939,1412,280,2009,132500
1286,20,9790,70.04995836802665,6,1963,1328,528,2010,143000
1287,20,36500,70.04995836802665,5,1964,1582,390,2006,190000
1288,120,5664,40.0,8,2000,1659,499,2009,278000
1289,60,11065,86.0,8,2006,1970,753,2006,281000
1290,80,14112,70.04995836802665,5,1964,1152,484,2010,180500
1291,160,1680,21.0,5,1972,1302,264,2009,119500
1292,70,6600,60.0,5,1892,2372,432,2009,107500
1293,60,10140,78.0,7,1976,1664,528,2006,162900
1294,20,8172,60.0,5,1955,864,572,2006,115000
1295,20,8400,70.0,5,1968,1052,288,2006,138500
1296,20,8700,80.0,5,1963,1128,525,2008,155000
1297,180,3675,35.0,6,2005,1072,525,2006,140000
1298,60,63887,313.0,10,2008,5642,1418,2008,160000
1299,20,7500,75.0,5,1959,1246,305,2010,154000
1300,60,10762,70.04995836802665,7,1999,1983,490,2009,225000
1301,70,7500,70.04995836802665,6,1942,1494,213,2009,177500
1302,60,10120,92.0,8,1994,2526,844,2006,290000
1303,20,8688,73.0,7,2005,1616,834,2006,232000
1304,160,3363,32.0,7,2004,1708,380,2006,130000
1305,20,13173,108.0,9,2006,1652,840,2009,325000
1306,120,6955,48.0,7,2005,1368,474,2006,202500
1307,20,8072,60.0,5,1994,990,480,2009,138000
1308,20,12000,100.0,5,1948,1122,528,2008,147000
1309,20,7153,70.04995836802665,6,1991,1294,496,2008,179200
1310,20,17500,100.0,7,1959,1902,567,2010,335000
1311,20,8814,68.0,7,2005,1274,508,2007,203000
1312,60,9572,70.04995836802665,8,1990,2810,750,2007,302000
1313,60,14774,108.0,9,1999,2599,779,2010,333168
1314,20,8190,60.0,4,1954,948,280,2007,119000
1315,60,11075,85.0,6,1969,2112,576,2008,206900
1316,20,10226,61.0,8,2008,1630,860,2009,295493
1317,120,4230,47.0,7,2006,1352,466,2007,208900
1318,20,14781,70.04995836802665,8,2001,1787,748,2006,275000
1319,20,10215,75.0,4,1954,948,248,2007,111000
1320,20,8400,70.0,6,1957,1478,442,2009,156500
1321,20,6627,70.04995836802665,3,1949,720,287,2008,72500
1322,60,10186,107.0,7,1992,1923,564,2010,190000
1323,30,5330,50.0,4,1940,708,0,2009,82500
1324,20,9986,75.0,8,2006,1795,895,2007,147000
1325,30,3636,40.0,4,1922,796,0,2008,55000
1326,30,4270,70.0,3,1931,774,0,2007,79000
1327,20,6600,60.0,5,1982,816,264,2008,130500
1328,50,10440,60.0,6,1920,2792,520,2008,256000
1329,60,9084,63.0,7,1998,1632,462,2006,176500
1330,20,10000,85.0,8,2006,1588,825,2007,227000
1331,80,10780,55.0,5,1976,954,576,2006,132500
1332,20,8877,67.0,4,1938,816,288,2009,100000
1333,50,7200,60.0,5,1938,1360,297,2006,125500
1334,160,2368,24.0,5,1970,1365,440,2009,125000
1335,20,9650,80.0,6,1977,1334,630,2009,167900
1336,90,9246,87.0,5,1973,1656,506,2008,135000
1337,30,4118,153.0,4,1941,693,0,2006,52500
1338,60,13450,95.0,7,2002,1861,492,2006,200000
1339,20,9560,120.0,5,1972,864,288,2006,128500
1340,20,8294,70.0,4,1971,872,480,2007,123000
1341,20,13695,66.0,6,2003,1114,576,2008,155000
1342,60,9375,70.04995836802665,8,2002,2169,647,2007,228500
1343,50,7558,57.0,6,1928,1913,342,2009,177000
1344,60,11103,85.0,7,2006,1456,440,2007,155835
1345,30,6000,50.0,4,1920,960,308,2007,108500
1346,20,20781,70.04995836802665,7,1968,2156,508,2006,262500
1347,20,15306,93.0,8,2006,1776,712,2007,283463
1348,20,16196,70.04995836802665,7,1998,1494,514,2007,215000
1349,70,5250,50.0,8,1872,2358,0,2008,122000
1350,90,11643,91.0,5,1969,2634,968,2009,200000
1351,60,9247,70.0,6,1962,1716,490,2008,171000
1352,50,6000,50.0,6,1937,1176,624,2009,134900
1353,50,14720,56.0,8,1995,3238,666,2010,410000
1354,60,10316,70.04995836802665,7,2000,1865,839,2008,235000
1355,80,10192,102.0,7,1968,1920,487,2006,170000
1356,20,9477,70.04995836802665,5,1966,892,264,2008,110000
1357,20,12537,70.04995836802665,5,1971,1078,500,2010,149900
1358,160,2117,70.04995836802665,6,2000,1573,440,2010,177500
1359,20,16737,129.0,9,2004,1980,770,2006,315000
1360,70,9842,51.0,5,1921,2601,621,2008,189000
1361,20,16158,124.0,7,2005,1530,430,2009,260000
1362,50,12513,70.04995836802665,4,1920,1738,368,2009,104900
1363,60,8499,73.0,6,2006,1412,432,2007,156932
1364,160,3180,30.0,7,2005,1200,480,2006,144152
1365,60,7500,70.04995836802665,7,2000,1674,663,2010,216000
1366,60,9179,68.0,7,1999,1790,588,2008,193000
1367,160,2665,41.0,5,1977,1475,336,2006,127000
1368,120,4435,70.04995836802665,6,2003,848,420,2009,144000
1369,20,10635,48.0,8,2003,1668,502,2010,232000
1370,50,5400,90.0,4,1920,1374,338,2009,105000
1371,80,9600,80.0,6,1955,1661,377,2008,165500
1372,60,9750,75.0,7,1998,2097,583,2006,274300
1373,20,11400,70.04995836802665,10,2001,2633,804,2007,466500
1374,60,10625,85.0,7,2005,1958,936,2008,250000
1375,20,10991,89.0,8,2007,1571,722,2007,239000
1376,30,6292,52.0,6,1930,790,160,2008,91000
1377,50,10998,60.0,5,1941,1604,660,2009,117000
1378,160,1953,21.0,6,1973,987,264,2006,83000
1379,80,9735,73.0,5,2006,1394,400,2008,167500
1380,30,8212,45.0,3,1914,864,200,2010,58500
1381,20,12925,70.04995836802665,6,1970,2117,550,2008,237500
1382,70,7200,60.0,7,1920,1762,576,2006,157000
1383,30,25339,70.04995836802665,5,1918,1416,576,2007,112000
1384,50,9060,60.0,6,1939,1258,280,2009,105000
1385,50,5436,40.0,4,1922,1154,240,2010,125500
1386,60,16692,80.0,7,1978,2784,564,2006,250000
1387,50,8520,60.0,6,1916,2526,216,2007,136000
1388,20,14892,42.0,9,2006,1746,758,2009,377500
1389,50,6000,60.0,6,1941,1218,440,2007,131000
1390,20,9100,70.0,7,2000,1525,541,2006,235000
1391,90,8944,65.0,5,1967,1584,792,2009,124000
1392,85,7838,68.0,5,1967,900,288,2006,123000
1393,190,10800,60.0,6,1905,1912,672,2008,163000
1394,120,4045,53.0,7,2006,1500,648,2006,246578
1395,60,12665,88.0,8,2005,2482,642,2007,281213
1396,20,57200,70.04995836802665,5,1948,1687,572,2010,160000
1397,70,6120,51.0,5,1920,1513,180,2007,137500
1398,50,7200,60.0,5,1950,1904,240,2009,138000
1399,50,6171,51.0,6,1925,1608,216,2009,137450
1400,50,6000,50.0,6,1929,1158,208,2008,120000
1401,60,7415,62.0,6,2004,1593,398,2008,193000
1402,20,6762,64.0,7,2006,1294,662,2006,193879
1403,20,15256,49.0,8,2007,1464,754,2007,282922
1404,50,10410,60.0,3,1915,1214,936,2006,105000
1405,120,3842,44.0,8,2004,1646,482,2008,275000
1406,85,8445,70.0,5,1972,768,396,2009,133000
1407,20,8780,70.04995836802665,5,1985,833,0,2009,112000
1408,70,7740,60.0,4,1910,1363,528,2010,125500
1409,60,20544,46.0,7,1986,2093,542,2008,215000
1410,60,12420,79.0,7,2001,1840,622,2009,230000
1411,50,9600,80.0,6,1950,1668,271,2009,140000
1412,90,7200,60.0,4,1949,1040,420,2009,90000
1413,20,10994,88.0,8,2005,1844,620,2009,257000
1414,50,13053,64.0,6,1923,1848,370,2008,207000
1415,120,3635,51.0,7,2007,1569,660,2009,175900
1416,190,11340,60.0,4,1885,2290,560,2010,122500
1417,60,16545,70.04995836802665,8,1998,2450,1069,2009,340000
1418,20,9204,71.0,5,1963,1144,336,2008,124000
1419,20,16381,70.04995836802665,6,1969,1844,540,2006,223000
1420,60,11700,90.0,6,1968,1416,776,2006,179900
1421,120,4043,53.0,6,1977,1069,440,2010,127500
1422,120,4435,37.0,6,2003,848,420,2008,136500
1423,80,19690,70.04995836802665,6,1966,2201,432,2006,274970
1424,20,9503,70.04995836802665,5,1958,1344,484,2007,144000
1425,20,10721,80.0,6,1959,1252,528,2008,142000
1426,60,10944,81.0,7,1994,2127,525,2008,271000
1427,50,10930,60.0,5,1945,1558,288,2008,140000
1428,30,7200,60.0,5,1940,804,240,2010,119000
1429,20,12546,70.04995836802665,6,1981,1440,467,2007,182900
1430,60,21930,60.0,5,2005,1838,372,2006,192140
1431,120,4928,70.04995836802665,6,1976,958,440,2009,143750
1432,30,10800,60.0,4,1927,968,216,2007,64500
1433,60,10261,93.0,6,2000,1792,451,2008,186500
1434,20,17400,80.0,5,1977,1126,484,2006,160000
1435,20,8400,80.0,6,1962,1537,462,2008,174000
1436,20,9000,60.0,4,1971,864,528,2007,120500
1437,20,12444,96.0,8,2008,1932,774,2008,394617
1438,20,7407,90.0,6,1957,1236,923,2010,149700
1439,60,11584,80.0,7,1979,1725,550,2007,197000
1440,70,11526,79.0,6,1922,2555,672,2008,191000
1441,120,4426,70.04995836802665,6,2004,848,420,2008,149300
1442,60,11003,85.0,10,2008,2007,812,2009,310000
1443,30,8854,70.04995836802665,6,1916,952,192,2009,121000
1444,20,8500,63.0,7,2004,1422,626,2007,179600
1445,85,8400,70.0,6,1966,913,240,2007,129000
1446,20,26142,70.04995836802665,5,1962,1188,312,2010,157900
1447,60,10000,80.0,8,1995,2090,556,2007,240000
1448,50,11767,70.0,4,1910,1346,384,2007,112000
1449,180,1533,21.0,5,1970,630,0,2006,92000
1450,90,9000,60.0,5,1974,1792,0,2009,136000
1451,20,9262,78.0,8,2008,1578,840,2009,287090
1452,180,3675,35.0,5,2005,1072,525,2006,145000
1453,20,17217,90.0,5,2006,1140,0,2006,84500
1454,20,7500,62.0,7,2004,1221,400,2009,185000
1455,60,7917,62.0,6,1999,1647,460,2007,175000
1456,20,13175,85.0,6,1978,2073,500,2010,210000
1457,70,9042,66.0,7,1941,2340,252,2010,266500
1458,20,9717,68.0,5,1950,1078,240,2010,142125
1459,20,9937,75.0,5,1965,1256,276,2008,147500
